duns_number,address,firm_name,location_id,country,state_or_region,postal_code,full_country_name,risk_score,taa_compliant,is_five_eyes,is_nato,is_mnna,is_oecd,is_quad,has_bis_ns1,has_bis_rs1,ofac_sanctioned,has_export_ban_history,engages_in_dumping,quality_risk_flag
146974886,,,0,,,,,,,,,,,,,,,,,
725959238,"Halol-Baroda Highway, Halol, Gujarat 389350, India (IND)",Sun Pharmaceutical Industries Limited,1,IND,Gujarat,389350,India,0.0,False,False,False,False,False,True,True,False,False,True,False,True
141588017,,,2,,,,,,,,,,,,,,,,,
618054084,"7000 Portage Road, Kalamazoo, Michigan (MI) 49001, United States (USA)",Pharmacia & Upjohn Company LLC,3,USA,Michigan (MI),49001,United States,9.0,False,True,True,False,True,True,False,False,False,False,False,False
650082092,,,4,,,,,,,,,,,,,,,,,
918917642,"Unit-III, Sy. No.313 & 314, Bachupally, Bachupally Mandal, Medchal-Malkajgiri District, Medchal, Telangana 500090, India (IND)",Aurobindo Pharma Limited,5,IND,Telangana,500090,India,0.0,False,False,False,False,False,True,True,False,False,True,False,True
1230762,,,6,,,,,,,,,,,,,,,,,
452742943,"ESTRADA RIO DA MO, 8/8A/8B, TERRUGEM SINTRA,  2705-906, Portugal (PRT)","HIKMA FARMACEUTICA (PORTUGAL), S.A",7,PRT,,2705,Portugal,6.0,True,False,True,False,True,False,True,False,False,False,False,False
604222237,,,8,,,,,,,,,,,,,,,,,
725927649,"Plot No. 457/458-Matoda / Plot No.191/218P-Chacharwadi , Sarkhej-Bavla Highway , Taluka -Sanand, Matoda, Ahmedabad, Gujarat 382210, India (IND)",Intas Pharmaceuticals Limited,9,IND,Gujarat,382210,India,0.0,False,False,False,False,False,True,True,False,False,True,False,True
608775388,,,10,,,,,,,,,,,,,,,,,
23648251,"2020 N. Ruby Street 2085 North Hawthorne Street, Melrose Park, Illinois (IL) 60160, United States (USA)","Fresenius Kabi USA, LLC",11,USA,Illinois (IL),60160,United States,9.0,False,True,True,False,True,True,False,False,False,False,False,False
5083209,,,12,,,,,,,,,,,,,,,,,
194684502,"25212 W. Illinois Route 120, Round Lake, Illinois (IL) 60073, United States (USA)",Baxter Healthcare Corporation,13,USA,Illinois (IL),25212,United States,9.0,False,True,True,False,True,True,False,False,False,False,False,False
1728059,"911 North Davis Avenue, Cleveland, Mississippi (MS) 38732, United States (USA)",Baxter Healthcare Corporation,14,USA,Mississippi (MS),38732,United States,9.0,False,True,True,False,True,True,False,False,False,False,False,False
862603148,"Plot No. 30 A & B, 2nd Phase, KIADB Industrial Area, Kolar District, Malur, Karnataka 563130, India (IND)",Gland Chemicals Private Limited,15,IND,Karnataka,563130,India,0.0,False,False,False,False,False,True,True,False,False,True,False,True
858971074,"Plot no: 42-52, 54, 55, 64-68, Sy. No. 166, 171, 172 & 177, Phase III, TSIIC, Pashamylaram Village, Patancheru Mandal, Sangareddy District, Hyderabad, Telangana 502307, India (IND)",GLAND PHARMA LIMITED,16,IND,Telangana,502307,India,0.0,False,False,False,False,False,True,True,False,False,True,False,True
79947873,,,17,,,,,,,,,,,,,,,,,
677236695,"54/1, Boodihal Village Nelamangala Taluk, Bengaluru, Karnataka 562123, India (IND)",Somerset Therapeutics Private Limited,18,IND,Karnataka,562123,India,0.0,False,False,False,False,False,True,True,False,False,True,False,True
915837971,"Plot No. 5 to 14, Pharmez, Near Village Matoda, Sarkhej-Bavla Highway, No. 8-A, Taluka Sanand, Ahmedabad, Gujarat 382213, India (IND)",Intas Pharmaceuticals Limited,19,IND,Gujarat,382213,India,0.0,False,False,False,False,False,True,True,False,False,True,False,True
758967652,"1-39 Lexia Pl, Mulgrave, Victoria 3170, Australia (AUS)",Hospira Australia Pty Ltd,20,AUS,Victoria,3170,Austrailia,9.0,True,True,False,True,True,True,True,False,False,False,False,False
51627256,,,21,,,,,,,,,,,,,,,,,
677604197,"Plot No K-30/4 & K30/5, MIDC, Additional Ambernath Area,, Thane, Maharashtra 421 506, India (IND)",Rubicon Research Limited,22,IND,,,India,0.0,False,False,False,False,False,True,True,False,False,True,False,True
30606222,"1776 North Centennial Drive, McPherson, Kansas (KS) 67460, United States (USA)","Hospira, Inc.",23,USA,Kansas (KS),67460,United States,9.0,False,True,True,False,True,True,False,False,False,False,False,False
93132819,"Highway 301 North, Rocky Mount, North Carolina (NC) 27801, United States (USA)","Hospira, Inc.",24,USA,North Carolina (NC),27801,United States,9.0,False,True,True,False,True,True,False,False,False,False,False,False
59140764,"65 Pitts Station Rd, Marion, North Carolina (NC) 28752, United States (USA)",Baxter Healthcare Corporation,25,USA,North Carolina (NC),28752,United States,9.0,False,True,True,False,True,True,False,False,False,False,False,False
91171389,"Rd. 721 Km. 0.3, Aibonito, Puerto Rico (PR) 00705, United States (USA)",Baxter Healthcare Corporation,26,USA,Puerto Rico (PR),00705,United States,9.0,False,True,True,False,True,True,False,False,False,False,False,False
189326168,"250 Road 144, Jayuya, Puerto Rico (PR) 00664, United States (USA)",Baxter Healthcare Corporation,27,USA,Puerto Rico (PR),00664,United States,9.0,False,True,True,False,True,True,False,False,False,False,False,False
464755693,"Carretera Nacional 260, S/N, Sabinanigo (Senegue),  22666, Spain (ESP)",Bieffe Medital SA,28,ESP,,22666,Spain,6.0,True,False,True,False,True,False,True,False,False,False,False,False
118380146,,,29,,,,,,,,,,,,,,,,,
117395980,"3900 Howard Ln, Austin, Texas (TX) 78728, United States (USA)",Otsuka ICU Medical LLC,30,USA,Texas (TX),78728,United States,9.0,False,True,True,False,True,True,False,False,False,False,False,False
80548348,,,31,,,,,,,,,,,,,,,,,
529111185,"No.8-9 Kexin Road, Chengdu Hi-Tech Comprehensive Bonded Zone, Chengdu, Sichuan 611731, China (CHN)","Kindos Pharmaceuticals Co., Ltd.",32,CHN,Sichuan,611731,China,0.0,False,False,False,False,False,False,True,True,False,True,True,True
968961354,,,33,,,,,,,,,,,,,,,,,
650498244,"Unit-III, Plot No: 4, 34 to 40, 41P, 44 to 48, EPIP, TSIIC, IDA, Pashamylaram Village, Patancheru Mandal, Sangareddy, Telangana 502307, India (IND)",EUGIA PHARMA SPECIALITIES LIMITED,34,IND,Telangana,502307,India,0.0,False,False,False,False,False,True,True,False,False,True,False,True
89153071,,,35,,,,,,,,,,,,,,,,,
675923163,,,36,,,,,,,,,,,,,,,,,
677600414,"Plot No. 15-B, Phase 1-A, Verna Industrial Area, Verna, Salcette, Goa 403722, India (IND)",LUPIN LIMITED,37,IND,Goa,403722,India,0.0,False,False,False,False,False,True,True,False,False,True,False,True
117587552,,,38,,,,,,,,,,,,,,,,,
461842294,"Calle Logistica 2 - Poligono Industrial Z, Parets del Valles, Barcelona 08150, Spain (ESP)","Laboratorios Grifols, S.A.",39,ESP,Barcelona,08150,Spain,6.0,True,False,True,False,True,False,True,False,False,False,False,False
463720681,"Calle Marte, 4 - Poligono Industrial Los Llanos, Las Torres de Cotillas, Murcia 30565, Spain (ESP)","Laboratorios Grifols, S. A.",40,ESP,Murcia,30565,Spain,6.0,True,False,True,False,True,False,True,False,False,False,False,False
828343017,,,41,,,,,,,,,,,,,,,,,
151228897,"3241 Woodpark Blvd., Charlotte, North Carolina (NC) 28206, United States (USA)",Generics Bidco II LLC d/b/a Prinston Laboratories,42,USA,North Carolina (NC),28206,United States,9.0,False,True,True,False,True,True,False,False,False,False,False,False
8018525,,,43,,,,,,,,,,,,,,,,,
7672236,"6201 South Freeway, Fort Worth, Texas (TX) 76134, United States (USA)",Alcon Research LLC,44,USA,Texas (TX),76134,United States,9.0,False,True,True,False,True,True,False,False,False,False,False,False
840771732,"3159 Staley Road, Grand Island, New York (NY) 14072, United States (USA)","Fresenius Kabi USA, LLC",45,USA,New York (NY),14072,United States,9.0,False,True,True,False,True,True,False,False,False,False,False,False
946499746,"2 Esterbrook Lane, Cherry Hill, New Jersey (NJ) 08003, United States (USA)",Hikma Pharmaceuticals USA Inc.,46,USA,New Jersey (NJ),08003,United States,9.0,False,True,True,False,True,True,False,False,False,False,False,False
47251004,,,47,,,,,,,,,,,,,,,,,
79111820,,,48,,,,,,,,,,,,,,,,,
39997266,,,49,,,,,,,,,,,,,,,,,
124193793,"33 Riverside Avenue, Rensselaer, New York (NY) 12144, United States (USA)","Curia New York, Inc.",50,USA,New York (NY),12144,United States,9.0,False,True,True,False,True,True,False,False,False,False,False,False
79415560,"5900 Martin Luther King Jr. Highway, Greenville, North Carolina (NC) 27834, United States (USA)",Patheon Manufacturing Services LLC,51,USA,North Carolina (NC),27834,United States,9.0,False,True,True,False,True,True,False,False,False,False,False,False
5286822,"2110 E Galbraith Rd., Cincinnati, Ohio (OH) 45237, United States (USA)",Patheon Pharmaceuticals Inc.,52,USA,Ohio (OH),45237,United States,9.0,False,True,True,False,True,True,False,False,False,False,False,False
119723554,,,53,,,,,,,,,,,,,,,,,
57585150,"1300 Gould Drive, Gainesville, Georgia (GA) 30504, United States (USA)","Societal CDMO Gainesville, LLC",54,USA,Georgia (GA),30504,United States,9.0,False,True,True,False,True,True,False,False,False,False,False,False
918917683,"Unit-XII, Sy.No.314, Bachupally, Bachupally Mandal, Medchal-Malkajgiri District, Medchal, Telangana 500090, India (IND)",Aurobindo Pharma Limited,55,IND,Telangana,500090,India,0.0,False,False,False,False,False,True,True,False,False,True,False,True
829274633,,,56,,,,,,,,,,,,,,,,,
481732753,"Casai, Campascio,  7748, Switzerland (CHE)",InfoRLife SA,57,CHE,,7748,Switzerland,5.0,True,False,False,False,True,False,True,False,False,False,False,False
964475045,"5200 Corporate Parkway West, Wilson, North Carolina (NC) 27893, United States (USA)","Fresenius Kabi USA, LLC",58,USA,North Carolina (NC),27893,United States,9.0,False,True,True,False,True,True,False,False,False,False,False,False
985523874,,,59,,,,,,,,,,,,,,,,,
831928986,,,60,,,,,,,,,,,,,,,,,
132080875,"4701 International Blvd W, Wilson, North Carolina (NC) 27893, United States (USA)",Purdue Pharmaceuticals L.P.,61,USA,North Carolina (NC),27893,United States,9.0,False,True,True,False,True,True,False,False,False,False,False,False
463719725,"Paseo Fluvial (pol. Industrial Autopista) 24, Parets del Valles, Barcelona 08150, Spain (ESP)","Laboratorios Grifols, S.A.",62,ESP,Barcelona,08150,Spain,6.0,True,False,True,False,True,False,True,False,False,False,False,False
802315887,,,63,,,,,,,,,,,,,,,,,
918601238,"Survey No. 143 - 148, 150 & 151, Near Gandimaisamma Cross Roads, D. P. Pally, Dundigal Post, Dundigal - Gandimaisamma Mandal, Medchal - Malkajgiri District, Hyderabad, Telangana 500043, India (IND)",GLAND PHARMA LIMITED,64,IND,Telangana,500043,India,0.0,False,False,False,False,False,True,True,False,False,True,False,True
421297554,"No, 16 Xuefu Road, Nanjing High and New Technology Development Zone, Nanjing, Jiangsu 210061, China (CHN)","Nanjing King-Friend Biochemical Pharmaceutical Co.,Ltd. (FDF Site)",65,CHN,Jiangsu,210061,China,0.0,False,False,False,False,False,False,True,True,False,True,True,True
184769029,"14 Terminal Road, New Brunswick, New Jersey (NJ) 08901, United States (USA)",Ohm Laboratories Inc.,66,USA,New Jersey (NJ),08901,United States,9.0,False,True,True,False,True,True,False,False,False,False,False,False
785398728,"165\144\135 Ludlow Avenue, Northvale, New Jersey (NJ) 07647, United States (USA)","Elite Laboratories, Inc.",67,USA,New Jersey (NJ),07647,United States,9.0,False,True,True,False,True,True,False,False,False,False,False,False
862272739,"A 28-1, MIDC Industrial Area, Chikalthana, Chhatrapati Sambhajinagar, Maharashtra 431210, India (IND)",LUPIN LIMITED,68,IND,Maharashtra,431210,India,0.0,False,False,False,False,False,True,True,False,False,True,False,True
81109687,,,69,,,,,,,,,,,,,,,,,
650786952,"FORMULATIONS DIVISION, UNIT-II, SURVEY NOS. 1277& 1319 to 1324, NANDIGAMA (VILLAGE), NANDIGAMA (MANDAL), RANGAREDDY DISTRICT, TELANGANA 509228, India (IND)",MSN LABORATORIES PRIVATE LIMITED,70,IND,SURVEY NOS.,509228,India,0.0,False,False,False,False,False,True,True,False,False,True,False,True
845263701,,,71,,,,,,,,,,,,,,,,,
854377573,"Plot No. A-9/1, SIPCOT Industrial Growth Centre Oragadam, Kanchipuram District, Tamil Nadu 601301, India (IND)",Teyro Labs Private Limited,72,IND,Tamil Nadu,601301,India,0.0,False,False,False,False,False,True,True,False,False,True,False,True
209429182,"150 Signet Drive, Toronto, Ontario M9L 1T9, Canada (CAN)",Apotex Inc.,73,CAN,,M9L 1T9,Canada,8.0,True,True,True,False,True,False,True,False,False,False,False,False
57880002,,,74,,,,,,,,,,,,,,,,,
152791026,"600 N Broad St, Phillipsburg, New Jersey (NJ) 08865-1271, United States (USA)","Avantor Performance Materials, LLC",75,USA,New Jersey (NJ),08865-1271,United States,9.0,False,True,True,False,True,True,False,False,False,False,False,False
109024984,"8800 Durant Road, Raleigh, North Carolina (NC) 27616, United States (USA)",Liebel-Flarsheim Company LLC,76,USA,North Carolina (NC),27616,United States,9.0,False,True,True,False,True,True,False,False,False,False,False,False
603175944,,,77,,,,,,,,,,,,,,,,,
967820619,"6701 Kaiser Drive, Fremont, California (CA) 94555, United States (USA)","Boehringer Ingelheim Fremont, Inc.",78,USA,California (CA),94555,United States,9.0,False,True,True,False,True,True,False,False,False,False,False,False
172209277,"1300 S. Patterson Drive, Bloomington, Indiana (IN) 47403, United States (USA)","Catalent Indiana, LLC",79,USA,Indiana (IN),47403,United States,9.0,False,True,True,False,True,True,False,False,False,False,False,False
119297040,"14905 23rd Ave N, Plymouth, Minnesota (MN) 55447-4708, United States (USA)",Bora Pharmaceuticals Inc.,80,USA,Minnesota (MN),14905,United States,9.0,False,True,True,False,True,True,False,False,False,False,False,False
829672745,"1100 Enterprise Drive, Winchester, Kentucky (KY) 40391, United States (USA)","Catalent Pharma Solutions, LLC",81,USA,Kentucky (KY),40391,United States,9.0,False,True,True,False,True,True,False,False,False,False,False,False
51565745,"1385 Livingston Ave, North Brunswick, New Jersey (NJ) 08902, United States (USA)",Ohm Laboratories Inc.,82,USA,New Jersey (NJ),08902,United States,9.0,False,True,True,False,True,True,False,False,False,False,False,False
39452765,"277 West Nationwide Boulevard, Suite 260, Columbus, Ohio (OH) 43215, United States (USA)","Slate Run Pharmaceuticals, LLC",83,USA,Ohio (OH),43215,United States,9.0,False,True,True,False,True,True,False,False,False,False,False,False
654561638,"Guilinyang Economic Development Zone, Meilan District, Haikou, Hainan 571127, China (CHN)","Hainan Poly Pharm. Co., Ltd.",84,CHN,Hainan,571127,China,0.0,False,False,False,False,False,False,True,True,False,True,True,True
860037912,"Plot No. 116, 117, 118, 119, 111 (Part) and 123 (Part), Jawaharlal Nehru Pharma City (SEZ), Parawada (Mandal), Visakhapatnam, Andhra Pradesh 531019, India (IND)",Pfizer Healthcare India Private Limited,85,IND,Andhra Pradesh,531019,India,0.0,False,False,False,False,False,True,True,False,False,True,False,True
862174955,,,86,,,,,,,,,,,,,,,,,
677600482,"113-116, IV Phase, Jigani Link Road, KIADB, Bommasandra Industrial Area, Bengaluru, Karnataka 560099, India (IND)",Micro Labs Limited,87,IND,Karnataka,560099,India,0.0,False,False,False,False,False,True,True,False,False,True,False,True
300206604,"Hafnerstrasse 36 or am Gewerbepark 6, Graz, Werndorf, Austria 8055, 8402, Austria (AUT)",Fresenius Kabi Austria,88,AUT,Austria,8055,Austria,5.0,True,False,False,False,True,False,True,False,False,False,False,False
347747373,"Svinesundsveien 80, Halden, OSTFOLD NO-1788, Norway (NOR)",HP Halden Pharma AS,89,NOR,,1788,Norway,6.0,True,False,True,False,True,False,True,False,False,False,False,False
248761249,"7600 Danbro Crescent, Mississauga, Ontario L5N 6L6, Canada (CAN)",Contract Pharmaceuticals Limited Canada,90,CAN,,L5N 6L6,Canada,8.0,True,True,True,False,True,False,True,False,False,False,False,False
251676961,"19400 RTE Transcanadienne, Baie D'Urfe, QC H9X 3S4, Canada (CAN)",G Production Inc,91,CAN,,19400,Canada,8.0,True,True,True,False,True,False,True,False,False,False,False,False
196603781,"1400 N. Goodman Street, Rochester, New York (NY) 14609, United States (USA)",Bausch & Lomb Incorporated,92,USA,New York (NY),14609,United States,9.0,False,True,True,False,True,True,False,False,False,False,False,False
77744035,"1200 Paco Way, Lakewood, New Jersey (NJ) 08701, United States (USA)",Renaissance Lakewood LLC,93,USA,New Jersey (NJ),08701,United States,9.0,False,True,True,False,True,True,False,False,False,False,False,False
8057330,,,94,,,,,,,,,,,,,,,,,
132218731,"6826 State Highway 12, Norwich, New York (NY) 13815, United States (USA)","Norwich Pharmaceuticals, Inc.",95,USA,New York (NY),13815,United States,9.0,False,True,True,False,True,True,False,False,False,False,False,False
166888268,,,96,,,,,,,,,,,,,,,,,
148585441,"11960 SW 144 Street, Miami, Florida (FL) 33186, United States (USA)","Noven Pharmaceuticals, Inc.",97,USA,Florida (FL),11960,United States,9.0,False,True,True,False,True,True,False,False,False,False,False,False
300010883,"Dr. Boehringer Gasse 5-11, Vienna, Austria A1121, Austria (AUT)",Boehringer Ingelheim RCV GmbH & Co KG,98,AUT,,,Austria,5.0,True,False,False,False,True,False,True,False,False,False,False,False
316126754,"Schuetzenstrasse 87, 99-101, Ravensburg, Baden-Wuerttemberg 88212, Germany (DEU)",Vetter Pharma Fertigung GmbH & Co. KG (Ravensburg Schuetzenstrasse),99,DEU,Baden-Wuerttemberg,88212,Germany,6.0,True,False,True,False,True,False,True,False,False,False,False,False
134489525,,,100,,,,,,,,,,,,,,,,,
962691478,"1200 Parkdale Rd, Rochester, Michigan (MI) 48307, United States (USA)",King Pharmaceuticals LLC,101,USA,Michigan (MI),48307,United States,9.0,False,True,True,False,True,True,False,False,False,False,False,False
178220385,,,102,,,,,,,,,,,,,,,,,
119237597,,,103,,,,,,,,,,,,,,,,,
370005019,"Turnhoutseweg 30, Beerse,  B-2340, Belgium (BEL)",Janssen Pharmaceutica NV,104,BEL,,2340,Belgium,6.0,True,False,True,False,True,False,True,False,False,False,False,False
338471078,"Strada Provinciale 343 Asolana 90, Torrile, San Polo, Parma 43056, Italy (ITA)",GlaxoSmithKline Manufacturing SpA,105,ITA,Parma,43056,Italy,6.0,True,False,True,False,True,False,True,False,False,False,False,False
79825711,"3701 & 3725 Concorde Parkway, Chantilly, Virginia (VA) 20151, United States (USA)",Granules Pharmaceuticals Inc.,106,USA,Virginia (VA),20151,United States,9.0,False,True,True,False,True,True,False,False,False,False,False,False
506719546,"Freseniusstr. 1 Pfingstweide 53, Friedberg, Germany 61169, Germany (DEU)",Fresenius Kabi Deutschland GmbH,107,DEU,Germany,61169,Germany,6.0,True,False,True,False,True,False,True,False,False,False,False,False
80430318,"10100 W Sample Rd Ste 406, Coral Springs, Florida (FL) 33065-3929, United States (USA)","ACI Healthcare USA, Inc.",108,USA,Florida (FL),10100,United States,9.0,False,True,True,False,True,True,False,False,False,False,False,False
731584418,"Sonargaon Museum Gate-1 Road, Treepordi, Sonargaon, Narayanganj,  1440, Bangladesh (BGD)",ACI HealthCare Limited,109,BGD,,1440,Bangladesh,2.0,True,False,False,False,False,False,True,True,False,False,False,False
863182240,"253 to 256 and 258, Post: Dabhasa Taluka: Padra, Vadodara, Gujarat 391440, India (IND)",Elysium Pharmaceuticals Ltd,110,IND,Gujarat,391440,India,0.0,False,False,False,False,False,True,True,False,False,True,False,True
829084461,"2400 Route 130 North, Dayton, New Jersey (NJ) 08810, United States (USA)",Aurolife Pharma LLC,111,USA,New Jersey (NJ),08810,United States,9.0,False,True,True,False,True,True,False,False,False,False,False,False
79229051,"20, Duke Road, Piscataway, New Jersey (NJ) 08854, United States (USA)",MSN PHARMACEUTICALS INC,112,USA,New Jersey (NJ),08854,United States,9.0,False,True,True,False,True,True,False,False,False,False,False,False
827731089,"375 N. Field Drive, Lake Forest, Illinois (IL) 60045, United States (USA)","Hospira, Inc.",113,USA,Illinois (IL),60045,United States,9.0,False,True,True,False,True,True,False,False,False,False,False,False
631099384,"100, Bio valley-ro, Jecheon-si, Chungcheongbuk-do 27159, Korea, South (KOR)","Huons Co., Ltd.",114,KOR,Chungcheongbuk-do,27159,South Korea,6.0,True,False,False,True,True,False,True,False,False,False,False,False
805600439,"3950 Schelden Circle, Bethlehem, Pennsylvania (PA) 18017, United States (USA)",Piramal Critical Care Inc,115,USA,Pennsylvania (PA),18017,United States,9.0,False,True,True,False,True,True,False,False,False,False,False,False
533148038,"BALABAN MAHALLESI CIHANER SOKAK NO:10, ISTANBUL, SILIVRI 34580, Turkey (TUR)",SANOVEL ILAC SANAYI VE TICARET ANONIM SIRKETI SILIVRI FABRIKASI,116,TUR,SILIVRI,34580,Turkey,4.0,False,False,True,False,True,False,True,False,False,False,False,False
80679498,,,117,,,,,,,,,,,,,,,,,
957414238,"172 Railroad Avenue P.O. Box P, Hobart, New York (NY) 13788, United States (USA)",SpecGx LLC,118,USA,New York (NY),13788,United States,9.0,False,True,True,False,True,True,False,False,False,False,False,False
2397347,,,119,,,,,,,,,,,,,,,,,
37425308,"2525 McGaw Avenue, Irvine, California (CA) 92614, United States (USA)",B. Braun US Pharmaceutical Manufacturing LLC,120,USA,California (CA),92614,United States,9.0,False,True,True,False,True,True,False,False,False,False,False,False
794362533,,,121,,,,,,,,,,,,,,,,,
830397282,,,122,,,,,,,,,,,,,,,,,
650445203,"Survey No. 1012, Dadra, Union Territory of Dadra and Nagar Haveli and Daman and Diu 396193, India (IND)",Sun Pharmaceutical Industries Limited,123,IND,Union Territory of Dadra and Nagar Haveli and Daman and Diu,396193,India,0.0,False,False,False,False,False,True,True,False,False,True,False,True
750455891,"1 Baxter Drive, Old Toongabbie, NSW 2146, Australia (AUS)",Baxter Healthcare Pty Ltd,124,AUS,NSW,2146,Austrailia,9.0,True,True,False,True,True,True,True,False,False,False,False,False
833250017,,,125,,,,,,,,,,,,,,,,,
527695995,"1 Guangxing Road, Free Trade Zone, NETDA, Nantong, Jiangsu 226009, China (CHN)",Novast Laboratories Ltd.,126,CHN,Jiangsu,226009,China,0.0,False,False,False,False,False,False,True,True,False,True,True,True
482730327,"Via Cadepiano 24, Barbengo, Ticino 6917, Switzerland (CHE)",Ingenus Pharmaceuticals GmbH,127,CHE,Ticino,6917,Switzerland,5.0,True,False,False,False,True,False,True,False,False,False,False,False
835513529,,,128,,,,,,,,,,,,,,,,,
117895702,"2210 Lake Shore Drive, Woodstock, Illinois (IL) 60098, United States (USA)","Woodstock Sterile Solutions, Inc.",129,USA,Illinois (IL),60098,United States,9.0,False,True,True,False,True,True,False,False,False,False,False,False
300539513,,,130,,,,,,,,,,,,,,,,,
315028860,"Sandhofer Strasse 116, Mannheim,  D-68305, Germany (DEU)",Roche Diagnostics GmbH,131,DEU,,68305,Germany,6.0,True,False,True,False,True,False,True,False,False,False,False,False
482242971,"Grenzacherstrasse 124, Basel,  CH-4058, Switzerland (CHE)",F. Hoffmann-La Roche AG,132,CHE,,4058,Switzerland,5.0,True,False,False,False,True,False,True,False,False,False,False,False
485244961,"Wurmisweg, Kaiseraugst, Argovia CH-4303, Switzerland (CHE)",F. Hoffmann-La Roche Ltd,133,CHE,,4303,Switzerland,5.0,True,False,False,False,True,False,True,False,False,False,False,False
55750020,"1886 Santa Anita Ave., South El Monte, California (CA) 91733, United States (USA)","International Medication Systems, Ltd.",134,USA,California (CA),91733,United States,9.0,False,True,True,False,True,True,False,False,False,False,False,False
676190889,"Plot No.3, Pharmez, Special Economic Zone, Sarkhej Bavla Highway, Village Matoda, Taluka Sanand, Ahmedabad, Gujarat 382213, India (IND)",Zydus Hospira Oncology Private Limited,135,IND,Gujarat,382213,India,0.0,False,False,False,False,False,True,True,False,False,True,False,True
5387188,,,136,,,,,,,,,,,,,,,,,
622920320,"3612 Powhatan Road, Clayton, North Carolina (NC) 27527, United States (USA)","Novo Nordisk Pharmaceutical Industries, LP",137,USA,North Carolina (NC),27527,United States,9.0,False,True,True,False,True,True,False,False,False,False,False,False
306711800,"Hagedornsvej 1, Gentofte, Hovedstaden 2820, Denmark (DNK)",Novo Nordisk A/S - Hax,138,DNK,Hovedstaden,2820,Denmark,6.0,True,False,True,False,True,False,True,False,False,False,False,False
311359009,"Kirke Vaerlosevej 28, Vaerlose,  3500, Denmark (DNK)",Novo Nordisk A/S - Kv,139,DNK,,3500,Denmark,6.0,True,False,True,False,True,False,True,False,False,False,False,False
458521908,"Localita Marino Del Tronto, Ascoli Piceno,  63100, Italy (ITA)",Pfizer Italia S.r.l.,140,ITA,,63100,Italy,6.0,True,False,True,False,True,False,True,False,False,False,False,False
986019327,"Little Connell, Newbridge,  W12 HX57, Ireland (IRL)",Pfizer Ireland Pharmaceuticals Unlimited Company,141,IRL,,,Ireland,5.0,True,False,False,False,True,False,True,False,False,False,False,False
80243260,"1100 Orthodox Street, Philadelphia, Pennsylvania (PA) 19124, United States (USA)","Frontida BioPharm, LLC",142,USA,Pennsylvania (PA),19124,United States,9.0,False,True,True,False,True,True,False,False,False,False,False,False
116880195,,,143,,,,,,,,,,,,,,,,,
79160190,"4500 12th Street Extension, West Columbia, South Carolina (SC) 29172, United States (USA)","Nephron SC, LLC",144,USA,South Carolina (SC),29172,United States,9.0,False,True,True,False,True,True,False,False,False,False,False,False
650446243,"P1 to P9 & Q1 to Q5, Phase - III, VSEZ, Duvvada,, Visakhapatnam, Andhra Pradesh 530 046, India (IND)",DR.REDDY'S LABORATORIES LIMITED,145,IND,,,India,0.0,False,False,False,False,False,True,True,False,False,True,False,True
650072015,"L-139 to L-146, S-103 to S-105, S-107 to S-112, L147 to L-147/1/2/3, L-147A, L-138, L-150, S-116, Verna Industrial Area, Salcette, Goa 403722, India (IND)",CIPLA LIMITED,146,IND,Goa,403722,India,0.0,False,False,False,False,False,True,True,False,False,True,False,True
675487682,"Formulations Technical Operations, FTO-11,Survey No 30,31 & Part of (28,32,33,34,39), APIIC Industrial Park, Pydibhimavaram (V), Ranasthalam (M),, Srikakulam, Andhra Pradesh 532409, India (IND)",DR REDDY'S LABORATORIES LIMITED,147,IND,Andhra Pradesh,532409,India,0.0,False,False,False,False,False,True,True,False,False,True,False,True
370353835,"Boulevard René Branquart 80 PO Box B1A, Lessines,  7860, Belgium (BEL)",Baxter SA,148,BEL,,7860,Belgium,6.0,True,False,True,False,True,False,True,False,False,False,False,False
86861066,,,149,,,,,,,,,,,,,,,,,
338690598,"STRADA REGIONALE 156 DEI MONTI LEPINI, Borgo San Michele, Latina 04100, Italy (ITA)",Haupt Pharma Latina Srl,150,ITA,Latina,04100,Italy,6.0,True,False,True,False,True,False,True,False,False,False,False,False
650460947,"Unit-I, Sy No. 180/2,Kazipally Village, Jinnaram Mandal, Sangareddy, Telangana 502319, India (IND)",SMS Lifesciences India Limited,151,IND,Telangana,502319,India,0.0,False,False,False,False,False,True,True,False,False,True,False,True
205576023,"50 Steinway Blvd., Etobicoke, Ontario M9W 6Y3, Canada (CAN)",Apotex Inc.,152,CAN,,M9W 6Y3,Canada,8.0,True,True,True,False,True,False,True,False,False,False,False,False
16448669,"250 Windy Point Drive, Glendale Heights, Illinois (IL) 60139, United States (USA)","Medefil, Inc.",153,USA,Illinois (IL),60139,United States,9.0,False,True,True,False,True,True,False,False,False,False,False,False
812579472,"Maiz No. 49, Barrio Xaltocan, Xochimilco, Mexico City, DF 16090, Mexico (MEX)",Boehringer Ingelheim Promeco S.A. de C.V.,154,MEX,DF,16090,Mexico,5.0,True,False,False,False,True,False,True,False,False,False,False,False
551147440,"Binger Strasse 173, Ingelheim am Rhein, Rhineland-Palatinate 55216, Germany (DEU)",Boehringer Ingelheim Pharma GmbH and Co. KG,155,DEU,Rhineland-Palatinate,55216,Germany,6.0,True,False,True,False,True,False,True,False,False,False,False,False
650175722,,,156,,,,,,,,,,,,,,,,,
790033935,,,157,,,,,,,,,,,,,,,,,
916488547,"Ahmedabad-Mehsana Highway, Indrad, Taluka-Kadi, Dist. Mehsana, Indrad, Gujarat 382721, India (IND)",Torrent Pharmaceuticals Limited,158,IND,Gujarat,382721,India,0.0,False,False,False,False,False,True,True,False,False,True,False,True
13547657,,,159,,,,,,,,,,,,,,,,,
79394054,,,160,,,,,,,,,,,,,,,,,
118673485,"1033 Stoneleigh Ave, Carmel, New York (NY) 10512-2414, United States (USA)","Chartwell Pharmaceuticals Carmel, LLC",161,USA,New York (NY),10512-2414,United States,9.0,False,True,True,False,True,True,False,False,False,False,False,False
955481156,"Plot Nos.1, 2, 2A & 2B, Industrial Park, Parawada Phase - III, Anakapalli, Andhra Pradesh 531021, India (IND)",Eugia Steriles Private Limited,162,IND,Andhra Pradesh,531021,India,0.0,False,False,False,False,False,True,True,False,False,True,False,True
831274399,"1245 Blowing Rock Blvd. 1325 William White Place 320 Cooperative Way 2101 Morganton Blvd 1201 Exela Way 1170 West Ave NW, Lenoir, North Carolina (NC) 28645, United States (USA)","Exela Pharma Sciences, LLC.",163,USA,North Carolina (NC),28645,United States,9.0,False,True,True,False,True,True,False,False,False,False,False,False
725420835,"Survey No. 22 and 24 - Village :- Ujeti Post - Baska, Halol Panchmahal, Gujarat 389350, India (IND)",Sun Pharmaceutical Medicare Limited,164,IND,Gujarat,389350,India,0.0,False,False,False,False,False,True,True,False,False,True,False,True
780779901,,,165,,,,,,,,,,,,,,,,,
827915443,"22715 North Conduit Avenue, Laurelton, New York (NY) 11413, United States (USA)","Epic Pharma, LLC",166,USA,New York (NY),22715,United States,9.0,False,True,True,False,True,True,False,False,False,False,False,False
967289799,,,167,,,,,,,,,,,,,,,,,
530732460,"Xunqiao Town, Linhai, Zhejiang 317024, China (CHN)","Zhejiang Huahai Pharmaceutical Co., Ltd.",168,CHN,Zhejiang,317024,China,0.0,False,False,False,False,False,False,True,True,False,True,True,True
305914798,"Novo Alle 1, Bagsvaerd, Hovedstaden 2880, Denmark (DNK)",Novo Nordisk A/S,169,DNK,Hovedstaden,2880,Denmark,6.0,True,False,True,False,True,False,True,False,False,False,False,False
168522378,"665 East Lincoln Avenue, Rahway, New Jersey (NJ) 07065, United States (USA)",Sunrise Pharmaceutical Inc,170,USA,New Jersey (NJ),07065,United States,9.0,False,True,True,False,True,True,False,False,False,False,False,False
118837338,,,171,,,,,,,,,,,,,,,,,
480895478,"VIA PENATE 5, MENDRISIO, TI 6850, Switzerland (CHE)",SINTETICA S.A.,172,CHE,TI,6850,Switzerland,5.0,True,False,False,False,True,False,True,False,False,False,False,False
63137772,"PO Box 200 1125 Trenton Harbourton Rd, Titusville, New Jersey (NJ) 08560-1499, United States (USA)","Janssen Pharmaceuticals, Inc.",173,USA,New Jersey (NJ),08560-1499,United States,9.0,False,True,True,False,True,True,False,False,False,False,False,False
872201704,"Unit-1, Sy. No. 550, 551 & 552, Kolthur Village, Shamirpet Mandal, Medchal-Malkajgiri, Telangana 500101, India (IND)",EUGIA Pharma Specialities Limited,174,IND,Telangana,500101,India,0.0,False,False,False,False,False,True,True,False,False,True,False,True
867220261,,,175,,,,,,,,,,,,,,,,,
118812386,"1240 Sugg Parkway, Greenville, North Carolina (NC) 27834, United States (USA)","Catalent Greenville, Inc.",176,USA,North Carolina (NC),27834,United States,9.0,False,True,True,False,True,True,False,False,False,False,False,False
650456002,"Plot No. A-41, Industrial Area Phase-VIII A, S.A.S. Nagar, Mohali, Punjab 160071, India (IND)",Sun Pharmaceutical Industries Limited,177,IND,Punjab,160071,India,0.0,False,False,False,False,False,True,True,False,False,True,False,True
118301171,,,178,,,,,,,,,,,,,,,,,
656128618,"15, Minsheng St., Tucheng District, New Taipei City 236044, Taiwan (TWN)","Delta Synthetic Co., Ltd.",179,TWN,New Taipei City,236044,Taiwan,3.0,True,False,False,True,False,False,True,True,False,False,False,False
650738743,,,180,,,,,,,,,,,,,,,,,
659220961,,,181,,,,,,,,,,,,,,,,,
118344504,"1 Ram Ridge Rd, Chestnut Ridge, New York (NY) 10977-6714, United States (USA)","Strides Pharma, Inc",182,USA,New York (NY),10977-6714,United States,9.0,False,True,True,False,True,True,False,False,False,False,False,False
78627620,"12393 S Belcher Rd, Ste 450, Largo, Florida (FL) 33773, United States (USA)",BPI Labs LLC,183,USA,Florida (FL),12393,United States,9.0,False,True,True,False,True,True,False,False,False,False,False,False
650540227,"Unit I & Unit II, Block C, Phase I, Visakhapatnam Special Economic Zone (VSEZ ), Duvvada, Visakhapatnam, Andhra Pradesh 530049, India (IND)",Gland Pharma Limited,184,IND,Andhra Pradesh,530049,India,0.0,False,False,False,False,False,True,True,False,False,True,False,True
119319487,,,185,,,,,,,,,,,,,,,,,
80563277,,,186,,,,,,,,,,,,,,,,,
430188286,"Via Zona Industriale SNC, Tito, Potenza 85050, Italy (ITA)",S.M. FARMACEUTICI SRL,187,ITA,Potenza,85050,Italy,6.0,True,False,True,False,True,False,True,False,False,False,False,False
650918514,"Unit-IV, Plot No.16, APIIC, M.P.SEZ, Menakuru Village, Naidupeta Mandal, Tirupati District, Tirupati, Andhra Pradesh 524421, India (IND)",APL HEALTHCARE LIMITED,188,IND,Andhra Pradesh,524421,India,0.0,False,False,False,False,False,True,True,False,False,True,False,True
80260470,"3 Paoli Plaza, Suite C, Paoli, Pennsylvania (PA) 19301, United States (USA)","EDW PHARMA, INC",189,USA,Pennsylvania (PA),19301,United States,9.0,False,True,True,False,True,True,False,False,False,False,False,False
829739833,"7978 Industrial Park Road, Easton, Maryland (MD) 21601, United States (USA)","Aphena Pharma Solutions - Maryland, LLC",190,USA,Maryland (MD),21601,United States,9.0,False,True,True,False,True,True,False,False,False,False,False,False
37074409,"29 Dunham Rd, Billerica, Massachusetts (MA) 01821, United States (USA)","Sun Pharmaceutical Industries, Inc.",191,USA,Massachusetts (MA),01821,United States,9.0,False,True,True,False,True,True,False,False,False,False,False,False
918513263,"No 36/7,Suragajakkanahalli, Indlavadi Cross, Anekal Taluk, Bengaluru, Karnataka 562106, India (IND)",Strides Pharma Science Limited,192,IND,Karnataka,562106,India,0.0,False,False,False,False,False,True,True,False,False,True,False,True
80189610,"1809 Wilson Road, Columbus, Ohio (OH) 43228, United States (USA)",Hikma Pharmaceuticals USA Inc.,193,USA,Ohio (OH),43228,United States,9.0,False,True,True,False,True,True,False,False,False,False,False,False
58839929,"1809 Wilson Road, Columbus, Ohio (OH) 43228, United States (USA)",West-Ward Columbus Inc.,194,USA,Ohio (OH),43228,United States,9.0,False,True,True,False,True,True,False,False,False,False,False,False
78310501,,,195,,,,,,,,,,,,,,,,,
871402375,"R. S. No. 31, 32 and 33 PIMS Road, Periyakalapet, Puducherry, Puducherry 605014, India (IND)",Strides Pharma Science Limited,196,IND,Puducherry,605014,India,0.0,False,False,False,False,False,True,True,False,False,True,False,True
860477684,"Plot No. 101 to 108 & 153, SIDCO Pharmaceutical Complex, Alathur, Chengalpattu, Tamil Nadu 603110, India (IND)",Strides Pharma Science Limited,197,IND,Tamil Nadu,603110,India,0.0,False,False,False,False,False,True,True,False,False,True,False,True
79288842,,,198,,,,,,,,,,,,,,,,,
675480734,"Formulation Division III, Plot No. 779P/790P, Village - Karakhadi, Taluka - Padra, Vadodara, Gujarat 391450, India (IND)",Alembic Pharmaceuticals Limited,199,IND,Gujarat,391450,India,0.0,False,False,False,False,False,True,True,False,False,True,False,True
245141858,"2150 boul Saint-Elzéar O, Laval, Québec H7L 4A8, Canada (CAN)",Bausch Health Companies Inc.,200,CAN,,H7L 4A8,Canada,8.0,True,True,True,False,True,False,True,False,False,False,False,False
650744670,"SURVEY No.895 & 897. GURUVARAJAKANDIGAI, SIRUPUZHALPETTAI (POST), THIRUVALLUR (DISTRICT), GUMMIDIPOONDI, TAMIL NADU 601201, India (IND)",CAPLIN STERILES LIMITED,201,IND,TAMIL NADU,601201,India,0.0,False,False,False,False,False,True,True,False,False,True,False,True
35886746,"722 Progressive Lane, South Beloit, Illinois (IL) 61080, United States (USA)",Precision Dose Inc.,202,USA,Illinois (IL),61080,United States,9.0,False,True,True,False,True,True,False,False,False,False,False,False
831922468,,,203,,,,,,,,,,,,,,,,,
333288046,"Oeflinger Str. 44, Wehr,  79664, Germany (DEU)",Novartis Pharma Produktions GmbH,204,DEU,,79664,Germany,6.0,True,False,True,False,True,False,True,False,False,False,False,False
123797875,"50 Horseblock Rd, Brookhaven, New York (NY) 11719-9509, United States (USA)","Amneal Pharmaceuticals of New York, LLC",205,USA,New York (NY),11719-9509,United States,9.0,False,True,True,False,True,True,False,False,False,False,False,False
2033710,"5 Ramsey Road, Shirley, New York (NY) 11967, United States (USA)","American Regent, Inc.",206,USA,New York (NY),11967,United States,9.0,False,True,True,False,True,True,False,False,False,False,False,False
78401205,"475 West 13th Street, Ogden, Utah (UT) 84404, United States (USA)",Fresenius Medical Care North America,207,USA,Utah (UT),84404,United States,9.0,False,True,True,False,True,True,False,False,False,False,False,False
654147255,"7 Kunlunshan Road, Economic and Technological Development Zone, Lianyungang, Jiangsu 222047, China (CHN)","Jiangsu Hengrui Pharmaceuticals Co., Ltd.",208,CHN,Jiangsu,222047,China,0.0,False,False,False,False,False,False,True,True,False,True,True,True
421324417,"Dongjin Road, Port Industry Area, Economic and Technological Development Zone, Lianyungang, Jiangsu 222069, China (CHN)","Jiangsu Hengrui Pharmaceuticals Co., Ltd. (Dongjin Road Site)",209,CHN,Jiangsu,222069,China,0.0,False,False,False,False,False,False,True,True,False,True,True,True
81373942,,,210,,,,,,,,,,,,,,,,,
853181664,,,211,,,,,,,,,,,,,,,,,
675467924,"Plot No. SM-14, 15 & 16/1, GIDC, Sanand - II, Charal, Tal - Sanand, Ahmedabad, Gujarat 382110, India (IND)",Emcure Pharmaceuticals Limited,212,IND,Gujarat,382110,India,0.0,False,False,False,False,False,True,True,False,False,True,False,True
725656438,"No 32, SIPCOT Industrial Complex, Phase I, Hosur, Tamil Nadu 635126, India (IND)",Maiva Pharma Private Limited,213,IND,Tamil Nadu,635126,India,0.0,False,False,False,False,False,True,True,False,False,True,False,True
53217022,"4545 Assembly Drive, Rockford, Illinois (IL) 61109, United States (USA)",AndersonBrecon Inc.,214,USA,Illinois (IL),61109,United States,9.0,False,True,True,False,True,True,False,False,False,False,False,False
963971374,"State Road 933, KM 0.1, Mamey Ward, Gurabo, Puerto Rico (PR) 00778, United States (USA)","Janssen-Cilag Manufacturing, LLC",215,USA,Puerto Rico (PR),00778,United States,9.0,False,True,True,False,True,True,False,False,False,False,False,False
827748190,"400 Crossing Blvd FL 3, Bridgewater, New Jersey (NJ) 08807-2863, United States (USA)",AMNEAL PHARMACEUTICALS LLC,216,USA,New Jersey (NJ),08807-2863,United States,9.0,False,True,True,False,True,True,False,False,False,False,False,False
860156658,"Plot No. 15, PHARMEZ Special Economic Zone Sarkhej-Bavla N.H. No. 8A, Vil.: Matoda, Tal. Sanand, Ahmedabad, GJ 382213, India (IND)",Amneal Pharmaceuticals Private Limited,217,IND,GJ,382213,India,0.0,False,False,False,False,False,True,True,False,False,True,False,True
854377396,"Survey No. 506, Palli Near Sachana Kalyanpura Road, Mehsana, GJ 382165, India (IND)",Amneal Pharmaceuticals Private Limited,218,IND,GJ,382165,India,0.0,False,False,False,False,False,True,True,False,False,True,False,True
832692615,,,219,,,,,,,,,,,,,,,,,
439982002,"VIA Ernest Schering 21, Segrate, Milano 20054, Italy (ITA)",Leo Pharma Manufacturing Italy SRL.,220,ITA,Milano,20054,Italy,6.0,True,False,True,False,True,False,True,False,False,False,False,False
967694121,"3940 Quebec Ave N, Minneapolis, Minnesota (MN) 55427, United States (USA)",Padagis US LLC,221,USA,Minnesota (MN),55427,United States,9.0,False,True,True,False,True,True,False,False,False,False,False,False
118673447,"77 Brenner Drive, 150 Wells Avenue, Congers, New York (NY) 10920, United States (USA)","Chartwell Pharmaceuticals Congers, LLC.",222,USA,New York (NY),10920,United States,9.0,False,True,True,False,True,True,False,False,False,False,False,False
617382395,,,223,,,,,,,,,,,,,,,,,
384668112,"2 rue du Pressoir Vert, Semoy, Loiret 45400, France (FRA)",Merck Sante,224,FRA,Loiret,45400,France,6.0,True,False,True,False,True,False,True,False,False,False,False,False
783243835,,,225,,,,,,,,,,,,,,,,,
338454274,"Via Valcanello, 4, Anagni, Frosinone 03012, Italy (ITA)",Sanofi S.r.l.,226,ITA,Frosinone,03012,Italy,6.0,True,False,True,False,True,False,True,False,False,False,False,False
1627975,,,227,,,,,,,,,,,,,,,,,
5436809,,,228,,,,,,,,,,,,,,,,,
331485631,"Döbereinerstrasse 20, Weimar,  99427, Germany (DEU)",Bayer Weimar GmbH und Co. KG,229,DEU,,99427,Germany,6.0,True,False,True,False,True,False,True,False,False,False,False,False
315097875,"Mullerstr. 178, Berlin,  13353, Germany (DEU)",Bayer AG,230,DEU,,13353,Germany,6.0,True,False,True,False,True,False,True,False,False,False,False,False
2641228,,,231,,,,,,,,,,,,,,,,,
240769596,"2100 Syntex Court, Mississauga, Ontario L5N 7K9, Canada (CAN)",Patheon Inc.,232,CAN,,L5N 7K9,Canada,8.0,True,True,True,False,True,False,True,False,False,False,False,False
333274975,"Bethelner Landstraße 18, Gronau (Leine), - 31028, Germany (DEU)",Haupt Pharma Wuelfing GmbH,233,DEU,-,31028,Germany,6.0,True,False,True,False,True,False,True,False,False,False,False,False
79587625,"8500 Hidden River Parkway, Tampa, Florida (FL) 33637, United States (USA)",Bausch & Lomb Incorporated,234,USA,Florida (FL),33637,United States,9.0,False,True,True,False,True,True,False,False,False,False,False,False
968062294,,,235,,,,,,,,,,,,,,,,,
837769546,"1 Technology Circle, Columbia, South Carolina (SC) 29203, United States (USA)",The Ritedose Corporation,236,USA,South Carolina (SC),29203,United States,9.0,False,True,True,False,True,True,False,False,False,False,False,False
918603338,"Village Vasana-Chacharwadi, Taluka Sanand, Ahmedabad, Gujarat 382213, India (IND)",BAXTER PHARMACEUTICALS INDIA PRIVATE LIMITED,237,IND,Gujarat,382213,India,0.0,False,False,False,False,False,True,True,False,False,True,False,True
78709787,"99 Jardines Street, Caguas, Puerto Rico (PR) 00725, United States (USA)","NEOLPHARMA, INC.",238,USA,Puerto Rico (PR),00725,United States,9.0,False,True,True,False,True,True,False,False,False,False,False,False
967770848,,,239,,,,,,,,,,,,,,,,,
338725627,"Viale dell'Industria 3, Caponago,  20867, Italy (ITA)",CORDEN PHARMA SPA,240,ITA,,20867,Italy,6.0,True,False,True,False,True,False,True,False,False,False,False,False
319029989,"Schiffgraben 23, Vienenburg, Lower Saxony 38690, Germany (DEU)",THYMOORGAN GMBH PHARMAZIE,241,DEU,Lower Saxony,38690,Germany,6.0,True,False,True,False,True,False,True,False,False,False,False,False
650644136,"S-20 to S-26, Pharmaceutical Formulations SEZ; TSIIC, Green Industrial Park, Polepally, Jadcherla, Mahabubnagar, Telangana 509301, India (IND)",SHILPA MEDICARE LIMITED,242,IND,Telangana,509301,India,0.0,False,False,False,False,False,True,True,False,False,True,False,True
242254227,"145 Rue Jules-Leger Street, Boucherville, QC J4B 7K8, Canada (CAN)",Delpharm Boucherville Canada Inc.,243,CAN,,J4B 7K8,Canada,8.0,True,True,True,False,True,False,True,False,False,False,False,False
309477891,"Brennum Park 25A, Hilleroed, Hovedstaden 3400, Denmark (DNK)",Novo Nordisk A/S - 25a-B,244,DNK,Hovedstaden,3400,Denmark,6.0,True,False,True,False,True,False,True,False,False,False,False,False
119181963,,,245,,,,,,,,,,,,,,,,,
211243165,"2 Wavertree Boulevard, Liverpool,  L7 9PE, United Kingdom (GBR)",Vantive Limited,246,GBR,,,United Kingdom,8.0,True,True,True,False,True,False,True,False,False,False,False,False
810432484,"Av. de Los 50 Metros No. 2, Jiutepec, Morelos 62578, Mexico (MEX)","Baxter, S.A. de C.V.",247,MEX,Morelos,62578,Mexico,5.0,True,False,False,False,True,False,True,False,False,False,False,False
986298925,"Inverin, Co Galway,  , Ireland (IRL)",Mylan Teoranta,248,IRL,,,Ireland,5.0,True,False,False,False,True,False,True,False,False,False,False,False
832224526,"307 E. Josephine Street, San Antonio, Texas (TX) 78215, United States (USA)","DPT Laboratories, Ltd.",249,USA,Texas (TX),78215,United States,9.0,False,True,True,False,True,True,False,False,False,False,False,False
50783398,,,250,,,,,,,,,,,,,,,,,
98405973,"303 West Main St, Suite 200, Freehold, New Jersey (NJ) 07728, United States (USA)",Armas Pharmaceuticals,251,USA,New Jersey (NJ),07728,United States,9.0,False,True,True,False,True,True,False,False,False,False,False,False
824676584,,,252,,,,,,,,,,,,,,,,,
790384502,,,253,,,,,,,,,,,,,,,,,
650548014,,,254,,,,,,,,,,,,,,,,,
676199117,"Sterile Product Division, Opp IIM, Bilekahalli, Bannerghatta Road,, Bengaluru, Karnataka 560076, India (IND)",ONESOURCE SPECIALTY PHARMA LIMITED,255,IND,Karnataka,560076,India,0.0,False,False,False,False,False,True,True,False,False,True,False,True
681561866,"Blvd. Theodor Pallady Nr. 50, Sector 3, Bucuresti,  032266, Romania (ROU)",INFOMED FLUIDS SRL,256,ROU,,032266,Romania,5.0,True,False,True,False,False,False,True,False,False,False,False,False
78811131,,,257,,,,,,,,,,,,,,,,,
260128560,"PARC INDUSTRIEL D INCARVILLE PARC DE LA FRINGALE - CS10606, VAL DE REUIL CEDEX, NORMANDIE 27106, France (FRA)",Valdepharm,258,FRA,NORMANDIE,27106,France,6.0,True,False,True,False,True,False,True,False,False,False,False,False
683754121,"Ion Mihalache Blvd. No. 11, District 1, Bucharest,  011171, Romania (ROU)",Sindan-Pharma Srl,259,ROU,,011171,Romania,5.0,True,False,True,False,False,False,True,False,False,False,False,False
