drug_name,therapeutic_categories,shortage_status,shortage_start,shortage_end,update_type,update_date,fda_essential,reason,drug_id
Azacitidine Injection,Oncology,Current,2020-12-18,,Reverified,2025-05-16,,,0
Lactated Ringers Injection,Endocrinology/Metabolism; Gastroenterology; Other,Current,2024-10-11,,Reverified,2025-06-17,,,1
Liraglutide Injection,Endocrinology/Metabolism,Current,2023-07-18,,Reverified,2025-05-14,,Delay in shipping of the drug,2
Liraglutide Injection,Endocrinology/Metabolism,Current,2023-07-18,,Reverified,2025-05-14,,,3
Metoprolol Tartrate Tablet,Cardiovascular,To Be Discontinued,2025-06-03,2025-06-03,New,2025-06-03,,,4
Midodrine Hydrochloride Tablet,Cardiovascular,To Be Discontinued,2025-04-28,2025-04-28,New,2025-04-28,,,5
Pimecrolimus Cream,Dermatology,To Be Discontinued,2025-02-28,2025-02-28,New,2025-02-28,,,6
Lidocaine Hydrochloride Solution,Anesthesia,Current,2023-12-08,,Reverified,2025-05-16,,,7
Lisdexamfetamine Dimesylate Capsule,Psychiatry,Current,2023-07-14,,Reverified,2025-05-16,,,8
"Methylphenidate Hydrochloride Tablet, Extended Release",Psychiatry,Current,2023-07-26,,Reverified,2025-06-13,,,9
Ramipril Capsule,Cardiovascular,To Be Discontinued,2025-01-30,2025-01-30,New,2025-01-30,,,10
Fentanyl Citrate Injection,Analgesia/Addiction; Pediatric,Current,2023-12-20,,Revised,2025-04-11,,,11
Flurazepam Hydrochloride Capsule,Neurology; Other,Current,2022-08-03,,Reverified,2025-06-17,,Regulatory delay,12
Oxaliplatin Injection,Oncology,To Be Discontinued,2024-10-11,2024-10-11,New,2024-10-11,,,13
Dihydroergotamine Mesylate Injection,Neurology,To Be Discontinued,2024-09-16,2024-09-16,New,2024-09-16,,,14
Rocuronium Bromide Injection,Anesthesia,Current,2023-02-15,,Reverified,2025-05-16,,,15
Sterile Water Irrigant,Gastroenterology; Other; Pediatric,Current,2023-04-28,,Reverified,2025-06-12,,,16
Clindamycin Phosphate Injection,Anti-Infective,Current,2023-03-21,,Revised,2025-06-09,,Demand increase for the drug,17
Conivaptan Hydrochloride Injection,Cardiovascular,Current,2022-03-14,,Reverified,2025-05-02,,Delay in shipping of the drug,18
Lidocaine Hydrochloride Injection,Anesthesia,Current,2018-02-20,,Revised,2025-06-05,,,19
Sodium Chloride 0.9% Injection,Gastroenterology; Other; Pediatric,Current,2021-12-10,,Reverified,2025-06-17,,,20
Methotrexate Sodium Injection,Rheumatology; Oncology,Current,2023-03-13,,Reverified,2025-06-05,,,21
Dextrose Monohydrate 10% Injection,Endocrinology/Metabolism; Gastroenterology; Other; Pediatric,Current,2022-03-01,,Reverified,2025-06-17,,,22
Echothiophate Iodide Ophthalmic Solution,Ophthalmology,Current,2019-09-24,,Reverified,2025-04-22,,,23
Rocuronium Bromide Injection,Anesthesia,Current,2023-02-15,,Reverified,2025-06-12,,,24
Atropine Sulfate Injection,Anesthesia; Neurology; Pediatric,Current,2012-01-01,,Reverified,2025-06-03,,,25
Norepinephrine Bitartrate Injection,Cardiovascular,To Be Discontinued,2024-09-20,2024-09-20,New,2024-09-20,,,26
Propranolol Hydrochloride Injection,Cardiovascular,Current,2023-10-31,,Revised,2025-06-05,,Delay in shipping of the drug,27
Sodium Chloride 0.9% Injection,Other,Current,2018-06-21,,Revised,2025-04-11,,Other,28
"Bupivacaine Hydrochloride, Epinephrine Bitartrate Injection",Anesthesia,Current,2018-02-20,,Reverified,2025-06-05,,Delay in shipping of the drug,29
Dexmedetomidine Hydrochloride Injection,Anesthesia,Current,2020-04-10,,Reverified,2025-06-16,,,30
Metronidazole Injection,Anti-Infective,Current,2022-01-13,,Reverified,2025-06-12,,,31
Ropivacaine Hydrochloride Injection,Anesthesia,Current,2018-03-27,,Reverified,2025-04-17,,,32
Vecuronium Bromide Injection,Anesthesia,Resolved,2020-05-06,,Revised,2025-01-22,,,33
Furosemide Injection,Cardiovascular,Current,2020-04-07,,Reverified,2025-06-09,,,34
Carboplatin Injection,Oncology,Current,2023-04-28,,Reverified,2025-05-16,,,35
Amino Acid Injection,Gastroenterology,Current,2020-12-08,,Revised,2025-06-09,,Shortage of an active ingredient,36
Memantine Hydrochloride Tablet,Neurology,To Be Discontinued,2024-11-21,2024-11-21,New,2024-11-21,,,37
Bupivacaine Hydrochloride Injection,Anesthesia,To Be Discontinued,2025-01-10,2025-01-10,New,2025-01-10,,,38
Dexmedetomidine Hydrochloride Injection,Anesthesia,Current,2020-04-10,,Reverified,2025-05-16,,Requirements related to complying with good manufacturing practices,39
Lidocaine Hydrochloride Injection,Anesthesia; Pediatric,Current,2012-02-22,,Reverified,2025-05-16,,,40
Penicillin G Benzathine Injection,Anti-Infective,Current,2023-04-26,,Reverified,2025-05-16,,,41
Sufentanil Citrate Injection,Analgesia/Addiction; Pediatric,Current,2022-05-03,,Revised,2025-06-09,,Demand increase for the drug,42
Valproate Sodium Injection,Neurology,Current,2020-12-30,,Revised,2025-06-05,,Demand increase for the drug,43
Zileuton Tablet,Pulmonary/Allergy,To Be Discontinued,2025-04-01,2025-04-01,New,2025-04-01,,,44
"Amphetamine Aspartate Monohydrate, Amphetamine Sulfate, Dextroamphetamine Saccharate, Dextroamphetamine Sulfate Tablet",Psychiatry,Current,2022-10-12,,Reverified,2025-06-17,,,45
"Amphetamine Aspartate Monohydrate, Amphetamine Sulfate, Dextroamphetamine Saccharate, Dextroamphetamine Sulfate Tablet",Psychiatry,Current,2022-10-12,,Revised,2025-05-07,,Other,46
Ethinyl Estradiol; Etonogestrel Ring,Reproductive,To Be Discontinued,2025-06-16,2025-06-16,New,2025-06-16,,,47
Amlodipine Besylate; Hydrochlorothiazide; Olmesartan Medoxomil Tablet,Cardiovascular,To Be Discontinued,2025-06-13,2025-06-13,New,2025-06-13,,,48
Azacitidine Injection,Oncology,Current,2020-12-21,,Reverified,2025-05-16,,,49
Etomidate Injection,Anesthesia,Current,2022-10-05,,Reverified,2025-05-07,,,50
Furosemide Injection,Cardiovascular,Current,2020-04-07,,Reverified,2025-06-05,,,51
Clonazepam Tablet,Neurology; Pediatric; Psychiatry,Current,2023-03-10,,Reverified,2025-05-07,,,52
Cromolyn Sodium Concentrate,Pulmonary/Allergy,Current,2023-11-03,,Reverified,2025-04-15,,Other,53
"Ethinyl Estradiol; Norethindrone Tablet, Chewable",Reproductive,To Be Discontinued,2025-01-10,2025-01-10,New,2025-01-10,,,54
Ropivacaine Hydrochloride Injection,Anesthesia,Current,2020-12-22,,Reverified,2025-05-16,,Other,55
Ropivacaine Hydrochloride Injection,Anesthesia,Current,2018-03-23,,Reverified,2025-06-05,,Delay in shipping of the drug,56
Dexmedetomidine Hydrochloride Injection,Anesthesia,Current,2020-04-10,,Reverified,2025-04-22,,,57
Bupivacaine Hydrochloride Injection,Anesthesia,Current,2018-02-20,,Reverified,2025-06-05,,Delay in shipping of the drug,58
Lidocaine Hydrochloride Solution,Anesthesia,Current,2023-12-08,,Reverified,2025-05-22,,,59
"Lisdexamfetamine Dimesylate Tablet, Chewable",Psychiatry,Current,2023-07-14,,Reverified,2025-06-16,,,60
Methylprednisolone Acetate Injection,Rheumatology,Current,2022-06-16,,Revised,2025-06-16,,,61
Morphine Sulfate Injection,Analgesia/Addiction,Current,2017-11-03,,Revised,2025-04-11,,,62
Cyclosporine Oral Solution,Transplant,To Be Discontinued,2024-12-05,2024-12-05,New,2024-12-05,,,63
Hydrocortisone Sodium Succinate Injection,Pulmonary/Allergy; Dermatology; Endocrinology/Metabolism; Gastroenterology; Hematology; Neurology; Oncology; Ophthalmology; Pediatric; Renal; Rheumatology,Current,2023-03-24,,Revised,2025-06-09,,Other,64
Bisoprolol Fumarate; Hydrochlorothiazide Tablet,Cardiovascular,To Be Discontinued,2024-07-26,2024-07-26,New,2024-07-26,,,65
Desonide Cream,Dermatology,To Be Discontinued,2025-05-28,2025-05-28,New,2025-05-28,,,66
Furosemide Injection,Cardiovascular,Current,2020-04-07,,Reverified,2025-05-16,,,67
Methamphetamine Hydrochloride Tablet,Psychiatry,Current,2023-03-17,,Reverified,2025-06-13,,,68
Furosemide Injection,Cardiovascular,Current,2020-04-07,,Revised,2025-06-09,,Other,69
Heparin Sodium Injection,Hematology,Current,2017-11-14,,Revised,2025-06-05,,,70
Lidocaine Hydrochloride Injection,Anesthesia,Current,2018-06-13,,Revised,2025-06-05,,Demand increase for the drug,71
Lidocaine Hydrochloride Injection,Anesthesia,Current,2018-06-13,,Revised,2025-04-11,,,72
Amino Acid Injection,Gastroenterology,Current,2020-12-08,,Reverified,2025-06-12,,,73
Hydromorphone Hydrochloride Injection,Analgesia/Addiction,Current,2017-11-03,,Revised,2025-04-11,,Demand increase for the drug,74
"Methylphenidate Hydrochloride Tablet, Extended Release",Psychiatry,Current,2023-07-26,,Revised,2025-06-05,,Demand increase for the drug,75
Methylprednisolone Acetate Injection,Rheumatology,Current,2021-12-15,,Revised,2025-06-09,,Other,76
Morphine Sulfate Injection,Analgesia/Addiction,Current,2017-10-31,,Reverified,2025-06-05,,Other,77
Penicillin G Benzathine Injection,Anti-Infective,Current,2023-04-26,,Reverified,2025-04-22,,,78
Lidocaine Hydrochloride Injection,Anesthesia; Pediatric,Current,2012-02-22,,Reverified,2025-06-05,,Demand increase for the drug,79
Lidocaine Hydrochloride Injection,Anesthesia,Current,2018-06-13,,Revised,2025-06-05,,,80
Lidocaine Hydrochloride Solution,Anesthesia,Current,2023-12-08,,Reverified,2025-04-11,,Demand increase for the drug,81
Methotrexate Sodium Injection,Oncology; Rheumatology,To Be Discontinued,2025-01-08,2025-01-08,New,2025-01-08,,,82
Somatropin Injection,Endocrinology/Metabolism,Current,2023-01-06,,Reverified,2025-06-05,,,83
Dextrose Monohydrate 5% Injection,Endocrinology/Metabolism; Gastroenterology; Other; Pediatric,Current,2022-02-14,,Revised,2025-06-09,,,84
Dopamine Hydrochloride Injection,Cardiovascular,Current,2017-11-06,,Reverified,2025-06-12,,,85
Penicillin G Benzathine Injection,Anti-Infective,Current,2023-04-26,,Revised,2025-06-09,,Other,86
Desmopressin Acetate Spray,Hematology,Current,2021-03-12,,Reverified,2025-06-05,,,87
Lisdexamfetamine Dimesylate Capsule,Psychiatry,Current,2023-07-14,,Reverified,2025-04-22,,Shortage of an active ingredient,88
Benazepril Hydrochloride Tablet,Cardiovascular,To Be Discontinued,2025-02-07,2025-02-07,New,2025-02-07,,,89
Dexmedetomidine Hydrochloride Injection,Anesthesia,Current,2020-04-10,,Reverified,2025-05-07,,,90
Doxycycline Hyclate Tablet,Anti-Infective,To Be Discontinued,2025-06-13,2025-06-13,New,2025-06-13,,,91
Etomidate Injection,Anesthesia,Current,2022-10-05,,Reverified,2025-06-09,,,92
Acyclovir Ointment,Dermatology,To Be Discontinued,2025-03-03,2025-03-03,New,2025-03-03,,,93
Atropine Sulfate Injection,Anesthesia; Neurology; Pediatric,Current,2012-01-01,,Reverified,2025-06-16,,,94
"Cefotaxime Sodium Powder, for Solution",Anti-Infective; Pediatric,Current,2015-02-17,,Reverified,2025-05-01,,,95
Clindamycin Phosphate Injection,Anti-Infective,Current,2023-03-21,,Revised,2025-06-12,,Demand increase for the drug,96
Hydroxocobalamin Injection,Other,Current,2024-11-04,,Reverified,2025-04-28,,Requirements related to complying with good manufacturing practices,97
Irinotecan Hydrochloride Injection,Oncology,To Be Discontinued,2024-09-30,2024-09-30,New,2024-09-30,,,98
Telmisartan Tablet,Cardiovascular,To Be Discontinued,2024-10-22,2024-10-22,New,2024-10-22,,,99
Carboplatin Injection,Oncology,Current,2023-04-28,,Reverified,2025-06-05,,,100
Ipratropium Bromide Solution,Pulmonary/Allergy,To Be Discontinued,2024-09-20,2024-09-20,New,2024-09-20,,,101
Midazolam Hydrochloride Injection,Anesthesia; Neurology,Current,2020-04-02,,Reverified,2025-06-05,,Delay in shipping of the drug,102
Rifampin Injection,Anti-Infective,Current,2021-02-17,,Reverified,2025-04-22,,,103
Atropine Sulfate Injection,Anesthesia; Neurology; Pediatric,Current,2012-01-01,,Reverified,2025-06-05,,,104
Dexamethasone Sodium Phosphate Injection,Dermatology; Endocrinology/Metabolism; Gastroenterology; Hematology; Neurology; Oncology; Ophthalmology; Other; Pulmonary/Allergy; Rheumatology,Current,2019-02-08,,Revised,2025-04-11,,Demand increase for the drug,105
Etomidate Injection,Anesthesia,Current,2022-10-05,,Reverified,2025-06-05,,Demand increase for the drug,106
Ketorolac Tromethamine Injection,Analgesia/Addiction,Current,2018-03-26,,Reverified,2025-06-09,,,107
Sodium Chloride 0.9% Injection,Gastroenterology; Other; Pediatric,Current,2021-12-10,,Reverified,2025-06-12,,Demand increase for the drug,108
Sterile Water Injection,Other,Current,2021-11-23,,Reverified,2025-06-16,,,109
"Amphetamine Aspartate Monohydrate, Amphetamine Sulfate, Dextroamphetamine Saccharate, Dextroamphetamine Sulfate Tablet",Psychiatry,Current,2022-10-12,,Reverified,2025-06-16,,,110
Lidocaine Hydrochloride Injection,Anesthesia; Pediatric,Current,2012-02-22,,Reverified,2025-05-03,,,111
Rocuronium Bromide Injection,Anesthesia,Current,2023-02-15,,Reverified,2025-06-05,,,112
Azelaic Acid Gel,Dermatology,To Be Discontinued,2025-01-13,2025-01-13,New,2025-01-13,,,113
Bupivacaine Hydrochloride Injection,Analgesia/Addiction,Current,2018-02-20,,Reverified,2025-06-09,,,114
Liraglutide Injection,Endocrinology/Metabolism,Current,2023-07-18,,New,2025-04-02,,,115
Meperidine Hydrochloride Injection,Analgesia/Addiction,Current,2025-05-30,,Revised,2025-06-09,,Other,116
Quinapril Hydrochloride Tablet,Cardiovascular,Current,2023-01-19,,Reverified,2025-04-22,,Shortage of an active ingredient,117
Mefloquine Hydrochloride Tablet,Anti-Infective,Current,2024-05-14,,Revised,2025-06-05,,,118
Montelukast Sodium Granule,Pulmonary/Allergy,To Be Discontinued,2025-03-24,2025-03-24,New,2025-03-24,,,119
Naltrexone Hydrochloride Tablet,Analgesia/Addiction,Current,2024-02-29,,Revised,2025-06-05,,,120
Sodium Chloride 0.9% Injection,Other,Current,2018-06-21,,Reverified,2025-06-09,,,121
Isosorbide Mononitrate Tablet,Cardiovascular,To Be Discontinued,2024-11-13,2024-11-13,New,2024-11-13,,,122
Bupivacaine Hydrochloride Injection,Anesthesia,Current,2018-02-20,,Reverified,2025-05-22,,,123
Lisdexamfetamine Dimesylate Capsule,Psychiatry,Current,2024-01-11,,Reverified,2025-05-16,,,124
Oxazepam Capsule,Neurology; Psychiatry,Current,2024-12-04,,Revised,2025-06-05,,,125
Parathyroid Hormone Injection,Endocrinology/Metabolism,Current,2019-09-11,,Reverified,2025-06-16,,Discontinuation of the manufacture of the drug,126
Peginterferon alfa-2a Injection,Antiviral,Current,2025-01-24,,Revised,2025-05-15,,Shortage of an active ingredient,127
Carboplatin Injection,Oncology,Current,2023-04-28,,Reverified,2025-05-16,,Other,128
Dexamethasone Sodium Phosphate Injection,Dermatology; Endocrinology/Metabolism; Gastroenterology; Hematology; Neurology; Oncology; Ophthalmology; Other; Pulmonary/Allergy; Rheumatology,Current,2019-02-08,,Revised,2025-06-05,,Demand increase for the drug,129
Oxaliplatin Injection,Oncology,To Be Discontinued,2025-04-22,2025-04-22,New,2025-04-22,,,130
Daprodustat Tablet,Hematology,To Be Discontinued,2024-11-21,2024-11-21,New,2024-11-21,,,131
"Glipizide Tablet, Extended Release",Endocrinology/Metabolism,To Be Discontinued,2025-02-06,2025-02-06,New,2025-02-06,,,132
Sodium Chloride 0.9% Injection,Gastroenterology; Other; Pediatric,Current,2021-12-10,,Reverified,2025-06-17,,Other,133
Bleomycin Sulfate Injection,Hematology; Oncology; Pediatric,To Be Discontinued,2025-06-13,2025-06-13,New,2025-06-13,,,134
Ropivacaine Hydrochloride Injection,Anesthesia,Current,2018-03-23,,Revised,2025-06-05,,,135
Albuterol Sulfate Solution,Pulmonary/Allergy; Pediatric,Current,2022-10-25,,Reverified,2025-06-10,,Delay in shipping of the drug,136
Propranolol Hydrochloride Injection,Cardiovascular,Current,2023-10-31,,Revised,2025-04-11,,Shortage of an active ingredient,137
Bupivacaine Hydrochloride Injection,Anesthesia,Current,2018-02-20,,Revised,2025-06-05,,Demand increase for the drug,138
Indocyanine Green Injection,Medical Imaging; Ophthalmology; Other,Current,2024-08-23,,Revised,2025-06-16,,,139
Naltrexone Hydrochloride Tablet,Analgesia/Addiction,Current,2024-02-29,,Reverified,2025-05-16,,Shortage of an active ingredient,140
Sodium Chloride 0.9% Injection,Gastroenterology; Other; Pediatric,Current,2021-12-10,,Revised,2025-06-12,,,141
Dopamine Hydrochloride Injection,Cardiovascular,Current,2017-11-06,,Revised,2025-06-09,,Other,142
Naltrexone Hydrochloride Tablet,Analgesia/Addiction,Current,2024-02-29,,Reverified,2025-06-16,,Demand increase for the drug,143
Etomidate Injection,Anesthesia,Current,2022-10-05,,Reverified,2025-06-05,,,144
Liraglutide Injection,Endocrinology/Metabolism,Current,2023-07-18,,Reverified,2025-05-16,,,145
Lisdexamfetamine Dimesylate Capsule,Psychiatry,Current,2023-07-14,,Revised,2025-06-05,,,146
Rocuronium Bromide Injection,Anesthesia,Current,2023-02-15,,Reverified,2025-05-12,,,147
"Methylphenidate Hydrochloride Tablet, Extended Release",Psychiatry,Current,2023-07-26,,Revised,2025-06-16,,Shortage of an active ingredient,148
Quinapril Hydrochloride Tablet,Cardiovascular,Current,2023-01-19,,Reverified,2025-06-16,,Requirements related to complying with good manufacturing practices,149
Amino Acid Injection,Gastroenterology,Current,2020-12-08,,Reverified,2025-06-17,,Other,150
Brexanolone Solution,Psychiatry,To Be Discontinued,2024-10-29,2024-10-29,New,2024-10-29,,,151
Lidocaine Hydrochloride Injection,Cardiovascular,Current,2017-10-25,,Reverified,2025-06-12,,,152
Amantadine Hydrochloride Capsule,Antiviral; Neurology,To Be Discontinued,2025-02-05,2025-02-05,New,2025-02-05,,,153
Atazanavir Sulfate Oral Powder,Antiviral,To Be Discontinued,2025-06-04,2025-06-04,New,2025-06-04,,,154
Indocyanine Green Injection,Medical Imaging; Ophthalmology; Other,Current,2024-08-23,,Reverified,2025-05-16,,,155
Albuterol Sulfate Solution,Pediatric; Pulmonary/Allergy,Current,2022-10-25,,New,2025-06-16,,,156
Atropine Sulfate Injection,Anesthesia; Neurology; Pediatric,Current,2012-01-01,,Revised,2025-06-09,,Other,157
Dexmedetomidine Hydrochloride Injection,Anesthesia,Current,2020-04-10,,Reverified,2025-05-05,,Demand increase for the drug,158
Dexmedetomidine Hydrochloride Injection,Anesthesia,Current,2020-04-10,,Reverified,2025-06-05,,Delay in shipping of the drug,159
Furosemide Injection,Cardiovascular,Current,2020-04-07,,Revised,2025-06-05,,Demand increase for the drug,160
Midazolam Hydrochloride Injection,Anesthesia; Neurology,Current,2020-04-02,,Revised,2025-04-11,,,161
Sterile Water Irrigant,Gastroenterology; Other; Pediatric,Current,2023-04-28,,Reverified,2025-06-17,,,162
Dexmedetomidine Hydrochloride Injection,Anesthesia,Current,2020-04-10,,Reverified,2025-05-07,,Demand increase for the drug,163
Methylprednisolone Acetate Injection,Rheumatology,Current,2021-12-15,,Reverified,2025-06-09,,,164
Nortriptyline Hydrochloride Capsule,Psychiatry,To Be Discontinued,2025-05-23,2025-05-23,New,2025-05-23,,,165
Sodium Chloride 23.4% Injection,Gastroenterology; Endocrinology/Metabolism; Total Parenteral Nutrition; Pediatric,Current,2020-01-01,,Reverified,2025-06-05,,,166
Sterile Water Injection,Other,Current,2021-11-23,,Reverified,2025-06-09,,,167
Dexmedetomidine Hydrochloride Injection,Anesthesia,Current,2020-04-10,,Reverified,2025-05-09,,Other,168
Amantadine Hydrochloride Capsule,Antiviral; Neurology,To Be Discontinued,2025-02-12,2025-02-12,New,2025-02-12,,,169
"Amphetamine Aspartate Monohydrate, Amphetamine Sulfate, Dextroamphetamine Saccharate, Dextroamphetamine Sulfate Tablet",Psychiatry,Current,2022-10-12,,Reverified,2025-06-05,,Other,170
"Amphetamine Aspartate Monohydrate, Amphetamine Sulfate, Dextroamphetamine Saccharate, Dextroamphetamine Sulfate Tablet",Psychiatry,Current,2023-08-15,,Reverified,2025-06-05,,Shortage of an active ingredient,171
Ketorolac Tromethamine Injection,Analgesia/Addiction,Current,2018-03-23,,Reverified,2025-04-22,,,172
Promethazine Hydrochloride Injection,Analgesia/Addiction; Gastroenterology; Other; Pulmonary/Allergy,Current,2023-11-21,,Revised,2025-05-12,,Demand increase for the drug,173
Tigecycline Injection,Anti-Infective,To Be Discontinued,2024-12-09,2024-12-09,New,2024-12-09,,,174
Hydromorphone Hydrochloride Injection,Analgesia/Addiction,Current,2017-11-01,,Revised,2025-06-05,,Shortage of an active ingredient,175
Sodium Bicarbonate Injection,Endocrinology/Metabolism; Gastroenterology; Pediatric,Current,2017-07-24,,Revised,2025-06-05,,Demand increase for the drug,176
Travoprost Solution/Drops,Ophthalmology,To Be Discontinued,2025-03-18,2025-03-18,New,2025-03-18,,,177
Meperidine Hydrochloride Injection,Analgesia/Addiction,Current,2025-05-30,,New,2025-05-30,,Demand increase for the drug,178
Ropivacaine Hydrochloride Injection,Anesthesia,Current,2018-03-23,,Revised,2025-06-05,,Demand increase for the drug,179
Valproate Sodium Injection,Neurology,Current,2020-12-30,,Revised,2025-04-11,,,180
"Amphetamine Aspartate Monohydrate, Amphetamine Sulfate, Dextroamphetamine Saccharate, Dextroamphetamine Sulfate Tablet",Psychiatry,Current,2022-10-12,,Reverified,2025-06-05,,Regulatory delay,181
"Epinephrine Bitartrate, Lidocaine Hydrochloride Injection",Anesthesia; Pediatric,Current,2012-02-22,,Revised,2025-06-09,,,182
Lisdexamfetamine Dimesylate Capsule,Psychiatry,Current,2023-07-14,,Reverified,2025-06-05,,Shortage of an active ingredient,183
Leucovorin Calcium Injection,Oncology; Pediatric,Current,2012-01-01,,Revised,2025-04-11,,,184
Sodium Chloride 0.9% Irrigation,Gastroenterology; Other; Pediatric,Current,2023-04-28,,Revised,2025-06-09,,Other,185
Albuterol Sulfate Syrup,Pulmonary/Allergy,To Be Discontinued,2024-11-04,2024-11-04,New,2024-11-04,,,186
Azacitidine Injection,Oncology,Current,2020-12-18,,Reverified,2025-05-19,,,187
Ezetimibe; Simvastatin Tablet,Cardiovascular,To Be Discontinued,2025-01-06,2025-01-06,New,2025-01-06,,,188
"Ranolazine Granules, Extended Release",Cardiovascular,To Be Discontinued,2024-09-20,2024-09-20,New,2024-09-20,,,189
Sterile Water Injection,Other,Current,2021-12-03,,Revised,2025-06-09,,Demand increase for the drug,190
Hydrocortisone Cream,Dermatology,To Be Discontinued,2025-03-24,2025-03-24,New,2025-03-24,,,191
"Exenatide Synthetic Injectable Suspension, Extended Release",Endocrinology/Metabolism,To Be Discontinued,2024-10-28,2024-10-28,New,2024-10-28,,,192
Metronidazole Injection,Anti-Infective,Current,2022-01-13,,Reverified,2025-05-07,,Shortage of an active ingredient,193
Sodium Chloride 0.9% Injection,Other,Current,2018-08-02,,Reverified,2025-06-16,,,194
"Tolterodine Tartrate Capsule, Extended Release",Urology,To Be Discontinued,2025-02-26,2025-02-26,New,2025-02-26,,,195
Fentanyl Citrate Injection,Analgesia/Addiction; Pediatric,Current,2012-01-01,,Reverified,2025-06-05,,,196
"Amphetamine Aspartate Monohydrate, Amphetamine Sulfate, Dextroamphetamine Saccharate, Dextroamphetamine Sulfate Tablet",Psychiatry,Current,2022-10-12,,Reverified,2025-05-06,,,197
Febuxostat Tablet,Other,To Be Discontinued,2025-01-22,2025-01-22,New,2025-01-22,,,198
"Potassium Chloride Capsule, Extended Release",Endocrinology/Metabolism; Gastroenterology,To Be Discontinued,2025-05-19,2025-05-19,New,2025-05-19,,,199
Sodium Acetate Injection,Endocrinology/Metabolism; Gastroenterology; Pediatric; Total Parenteral Nutrition,Current,2016-02-03,,Reverified,2025-06-09,,,200
Sterile Water Injection,Other,Current,2021-11-23,,Reverified,2025-06-05,,,201
Acyclovir Ointment,Dermatology,To Be Discontinued,2024-09-16,2024-09-16,New,2024-09-16,,,202
Cromolyn Sodium Concentrate,Pulmonary/Allergy,Current,2023-11-03,,Reverified,2025-06-17,,Demand increase for the drug,203
Dexamethasone Sodium Phosphate Injection,Dermatology; Endocrinology/Metabolism; Gastroenterology; Hematology; Neurology; Oncology; Ophthalmology; Other; Pulmonary/Allergy; Rheumatology,Current,2019-02-08,,Reverified,2025-06-05,,Demand increase for the drug,204
Dexmedetomidine Hydrochloride Injection,Anesthesia,Current,2020-04-10,,Reverified,2025-05-16,,Discontinuation of the manufacture of the drug,205
Memantine Hydrochloride Tablet,Neurology,To Be Discontinued,2025-04-28,2025-04-28,New,2025-04-28,,,206
Metronidazole Injection,Anti-Infective,Current,2022-01-13,,Reverified,2025-04-17,,,207
Sterile Water Injection,Other,Current,2021-11-23,,Reverified,2025-06-10,,Other,208
"Amoxicillin Powder, For Suspension",Anti-Infective,Resolved,2022-10-28,,Revised,2025-05-02,,,209
Lidocaine Hydrochloride Solution,Anesthesia,Current,2023-05-18,,Reverified,2025-04-22,,,210
Somatropin Injection,Endocrinology/Metabolism,Current,2023-01-06,,Reverified,2025-06-09,,,211
Caspofungin Acetate Injection,Anti-Infective,To Be Discontinued,2024-06-27,2024-06-27,New,2024-06-27,,,212
Clonazepam Tablet,Neurology; Pediatric; Psychiatry,Current,2023-03-27,,Reverified,2025-05-16,,,213
Ropivacaine Hydrochloride Injection,Anesthesia,Current,2020-12-22,,Reverified,2025-05-16,,,214
Triamcinolone Acetonide Injection,Ophthalmology,Current,2021-09-27,,Reverified,2025-04-22,,Requirements related to complying with good manufacturing practices,215
Azacitidine Injection,Oncology,Current,2020-12-22,,Revised,2025-06-05,,Demand increase for the drug,216
Heparin Sodium Injection,Hematology,Current,2017-11-14,,Reverified,2025-06-12,,Other,217
Imatinib Mesylate Tablet,Hematology,To Be Discontinued,2024-12-05,2024-12-05,New,2024-12-05,,,218
Lisdexamfetamine Dimesylate Capsule,Psychiatry,Current,2023-09-20,,Reverified,2025-06-16,,Shortage of an active ingredient,219
Methamphetamine Hydrochloride Tablet,Psychiatry,Current,2023-03-17,,Revised,2025-05-21,,Other,220
Dextrose Monohydrate 50% Injection,Endocrinology/Metabolism; Gastroenterology; Pediatric,Current,2022-01-13,,Reverified,2025-06-09,,,221
Leucovorin Calcium Injection,Oncology; Pediatric,Current,2018-03-23,,Revised,2025-06-05,,Delay in shipping of the drug,222
Lisdexamfetamine Dimesylate Capsule,Psychiatry,Current,2023-07-14,,Revised,2025-06-05,,Shortage of an active ingredient,223
Lorazepam Injection,Neurology,Current,2018-05-03,,Revised,2025-05-03,,Demand increase for the drug,224
Ropivacaine Hydrochloride Injection,Anesthesia,Current,2018-03-23,,Reverified,2025-06-09,,,225
Sodium Benzoate; Sodium Phenylacetate Injection,Inborn Errors; Other,To Be Discontinued,2024-07-03,2024-07-03,New,2024-07-03,,,226
Sodium Chloride 0.9% Injection,Gastroenterology; Other; Pediatric,Current,2021-12-10,,Reverified,2025-06-09,,,227
Midazolam Hydrochloride Injection,Anesthesia; Neurology,Current,2020-04-02,,Reverified,2025-06-05,,,228
Minocycline Hydrochloride Tablet,Antiviral,To Be Discontinued,2025-01-22,2025-01-22,New,2025-01-22,,,229
Morphine Sulfate Injection,Analgesia/Addiction,Current,2017-10-31,,Revised,2025-06-09,,Other,230
Sodium Chloride 0.9% Injection,Gastroenterology; Other; Pediatric,Current,2021-12-10,,Reverified,2025-06-05,,Demand increase for the drug,231
Atropine Sulfate Injection,Anesthesia; Neurology; Pediatric,Current,2020-01-01,,Reverified,2025-05-03,,,232
"Bupivacaine Hydrochloride, Epinephrine Bitartrate Injection",Anesthesia,Current,2018-02-20,,Reverified,2025-06-09,,,233
Dopamine Hydrochloride Injection,Cardiovascular,Current,2017-11-06,,Revised,2025-04-11,,Demand increase for the drug,234
Albuterol Sulfate Solution,Pediatric; Pulmonary/Allergy,Current,2022-10-25,,Reverified,2025-06-16,,,235
"Amphetamine Aspartate Monohydrate, Amphetamine Sulfate, Dextroamphetamine Saccharate, Dextroamphetamine Sulfate Tablet",Psychiatry,Current,2022-10-12,,Reverified,2025-06-05,,Shortage of an active ingredient,236
Bupivacaine Hydrochloride Injection,Anesthesia,Current,2018-02-20,,Reverified,2025-06-05,,,237
Candesartan Cilexetil Tablet,Cardiovascular,To Be Discontinued,2024-10-15,2024-10-15,New,2024-10-15,,,238
Methotrexate Sodium Injection,Rheumatology; Oncology,Current,2023-03-13,,Reverified,2025-04-11,,,239
Naltrexone Hydrochloride Tablet,Analgesia/Addiction,Current,2024-02-29,,Revised,2025-06-05,,Demand increase for the drug,240
Sodium Chloride 0.9% Injection,Other,Current,2018-06-21,,Reverified,2025-06-16,,,241
Tiagabine Hydrochloride Tablet,Neurology,To Be Discontinued,2024-12-09,2024-12-09,New,2024-12-09,,,242
Bupivacaine Hydrochloride Injection,Anesthesia,Current,2018-02-20,,Reverified,2025-04-17,,,243
Fentanyl Citrate Injection,Analgesia/Addiction; Pediatric,Current,2012-01-01,,Revised,2025-06-05,,Demand increase for the drug,244
Sodium Chloride 0.9% Injection,Other,Current,2018-06-21,,Reverified,2025-04-22,,Discontinuation of the manufacture of the drug,245
Amino Acid Injection,Gastroenterology,Current,2020-12-08,,Revised,2025-06-09,,,246
Sodium Bicarbonate Injection,Endocrinology/Metabolism; Gastroenterology; Pediatric,Current,2017-07-24,,Revised,2025-06-05,,,247
Dexmedetomidine Hydrochloride Injection,Anesthesia,Current,2020-04-10,,Reverified,2025-06-05,,,248
Edaravone Injection,Neurology,To Be Discontinued,2024-12-05,2024-12-05,New,2024-12-05,,,249
Clobetasol Propionate Spray,Dermatology,To Be Discontinued,2024-08-28,2024-08-28,New,2024-08-28,,,250
Lorazepam Injection,Neurology,Current,2018-05-03,,Revised,2025-06-09,,Other,251
Dexamethasone Sodium Phosphate Injection,Dermatology; Endocrinology/Metabolism; Gastroenterology; Hematology; Neurology; Oncology; Ophthalmology; Other; Pulmonary/Allergy; Rheumatology,Current,2019-02-08,,Reverified,2025-06-05,,,252
Dextrose Monohydrate 5% Injection,Endocrinology/Metabolism; Gastroenterology; Other; Pediatric,Current,2022-02-14,,Reverified,2025-06-12,,,253
Fentanyl Citrate Troche/Lozenge,Analgesia/Addiction,To Be Discontinued,2024-09-24,2024-09-24,New,2024-09-24,,,254
Lanadelumab-Flyo Injection,Pulmonary/Allergy,To Be Discontinued,2024-09-04,2024-09-04,New,2024-09-04,,,255
Penicillin G Benzathine Injection,Anti-Infective,Current,2023-04-26,,Reverified,2025-06-09,,,256
Penicillin G Benzathine Injection,Anti-Infective,Current,2023-04-26,,Revised,2025-06-09,,Demand increase for the drug,257
Sufentanil Citrate Injection,Analgesia/Addiction; Pediatric,Current,2022-05-03,,Revised,2025-04-11,,Demand increase for the drug,258
Sodium Chloride 0.9% Injection,Gastroenterology; Endocrinology/Metabolism; Total Parenteral Nutrition; Pediatric,Current,2023-09-18,,Reverified,2025-06-05,,Demand increase for the drug,259
Teriflunomide Tablet,Neurology,To Be Discontinued,2025-01-28,2025-01-28,New,2025-01-28,,,260
Donepezil Hydrochloride Tablet,Neurology,To Be Discontinued,2025-01-28,2025-01-28,New,2025-01-28,,,261
"Epinephrine Bitartrate, Lidocaine Hydrochloride Injection",Anesthesia; Pediatric,Current,2012-02-22,,Reverified,2025-06-09,,,262
Haloperidol Decanoate Injection,Psychiatry,To Be Discontinued,2025-04-07,2025-04-07,New,2025-04-07,,,263
Ibandronate Sodium Injection,Endocrinology/Metabolism,To Be Discontinued,2025-03-05,2025-03-05,New,2025-03-05,,,264
Sodium Bicarbonate Injection,Endocrinology/Metabolism; Gastroenterology; Pediatric,Current,2017-03-01,,Reverified,2025-05-03,,,265
Sodium Chloride 0.9% Injection,Other,Current,2018-06-21,,Reverified,2025-06-05,,Demand increase for the drug,266
Sodium Bicarbonate Injection,Endocrinology/Metabolism; Gastroenterology; Pediatric,Current,2017-03-01,,Reverified,2025-04-22,,,267
Technetium TC-99M Pyrophosphate Kit Injection,Medical Imaging,Current,2023-12-27,,Reverified,2025-06-16,,Shortage of an active ingredient,268
Sodium Chloride 0.9% Injection,Gastroenterology; Other; Pediatric,Current,2021-12-10,,Reverified,2025-06-12,,,269
Sodium Chloride 0.9% Injection,Other,Current,2018-06-21,,Reverified,2025-06-17,,,270
Lisdexamfetamine Dimesylate Capsule,Psychiatry,Current,2023-07-14,,Reverified,2025-06-16,,,271
Azacitidine Injection,Oncology,Current,2020-12-18,,Reverified,2025-06-13,,,272
Hydrocortisone Probutate Cream,Dermatology,To Be Discontinued,2024-08-21,2024-08-21,New,2024-08-21,,,273
Hydromorphone Hydrochloride Injection,Analgesia/Addiction,To Be Discontinued,2017-11-01,2025-01-13,Revised,2025-01-13,,,274
"Lisdexamfetamine Dimesylate Tablet, Chewable",Psychiatry,Current,2023-07-14,,Revised,2025-06-05,,Shortage of an active ingredient,275
"Rifapentine Tablet, Film Coated",Anti-Infective,Current,2020-03-25,,Reverified,2025-04-22,,,276
Sertraline Hydrochloride Tablet,Psychiatry,To Be Discontinued,2025-01-22,2025-01-22,New,2025-01-22,,,277
Leucovorin Calcium Injection,Oncology; Pediatric,Current,2012-01-01,,Reverified,2025-05-22,,,278
Carboplatin Injection,Oncology,Current,2023-04-28,,Revised,2025-06-05,,Other,279
Celecoxib Capsule,Analgesia/Addiction,To Be Discontinued,2024-09-09,2024-09-09,New,2024-09-09,,,280
Remifentanil Hydrochloride Injection,Analgesia/Addiction,Current,2022-06-28,,Reverified,2025-06-05,,Delay in shipping of the drug,281
Sodium Chloride 0.9% Injection,Other,Current,2018-06-21,,Reverified,2025-06-05,,,282
Clindamycin Phosphate Injection,Anti-Infective,Current,2023-03-21,,Reverified,2025-06-05,,,283
Hydroxypropyl Cellulose (1600000 Wamw) Insert,Ophthalmology,Current,2020-05-01,,Reverified,2025-06-05,,Discontinuation of the manufacture of the drug,284
Morphine Sulfate Injection,Analgesia/Addiction,Current,2017-10-31,,Revised,2025-06-05,,Other,285
Hydromorphone Hydrochloride Injection,Analgesia/Addiction,Current,2017-10-31,,Revised,2025-06-05,,Demand increase for the drug,286
"Atropa Belladonna, Opium Suppository",Urology,Resolved,2022-08-03,,Revised,2025-01-14,,,287
Etomidate Injection,Anesthesia,Current,2022-10-05,,Revised,2025-04-11,,,288
Lidocaine Hydrochloride Injection,Anesthesia,Current,2018-06-13,,Reverified,2025-04-11,,,289
Ramelteon Tablet,Other,To Be Discontinued,2025-01-08,2025-01-08,New,2025-01-08,,,290
Riluzole Oral Suspension,Neurology,Current,2024-01-26,,Reverified,2025-06-16,,,291
Sodium Chloride 0.9% Injection,Gastroenterology; Renal,To Be Discontinued,2025-06-10,2025-06-10,New,2025-06-10,,,292
Sterile Water Injection,Other,Current,2021-11-23,,Reverified,2025-06-05,,Demand increase for the drug,293
Etomidate Injection,Anesthesia,Current,2022-10-05,,Revised,2025-04-11,,Demand increase for the drug,294
Furosemide Injection,Cardiovascular,Current,2020-04-07,,Revised,2025-06-05,,,295
Atropine Sulfate Injection,Anesthesia; Neurology; Pediatric,Current,2020-01-01,,Reverified,2025-05-16,,Discontinuation of the manufacture of the drug,296
Desmopressin Acetate Spray,Hematology,Current,2021-03-12,,Reverified,2025-04-22,,Requirements related to complying with good manufacturing practices,297
"Posaconazole Tablet, Delayed Release",Anti-Infective,To Be Discontinued,2024-07-22,2024-07-22,New,2024-07-22,,,298
Sodium Chloride 0.9% Irrigation,Gastroenterology; Other; Pediatric,Current,2023-04-28,,Revised,2025-06-12,,Demand increase for the drug,299
Lidocaine Hydrochloride Injection,Anesthesia; Pediatric,Current,2012-02-22,,Revised,2025-06-09,,Other,300
Methylprednisolone Acetate Injection,Rheumatology,Current,2021-12-15,,Reverified,2025-04-17,,,301
"Verapamil Hydrochloride Capsule, Extended Release",Cardiovascular,To Be Discontinued,2025-01-23,2025-01-23,New,2025-01-23,,,302
"Memantine Hydrochloride Capsule, Extended Release",Neurology,To Be Discontinued,2024-08-07,2024-08-07,New,2024-08-07,,,303
Sodium Chloride 0.9% Injection,Gastroenterology; Other; Pediatric,Current,2021-12-10,,Revised,2025-06-09,,Demand increase for the drug,304
Docetaxel Injection,Oncology,To Be Discontinued,2025-01-15,2025-01-15,New,2025-01-15,,,305
Dopamine Hydrochloride Injection,Cardiovascular,Current,2017-11-06,,Reverified,2025-06-12,,Shortage of an inactive ingredient component,306
Remifentanil Hydrochloride Injection,Analgesia/Addiction,Current,2022-06-28,,Reverified,2025-06-05,,,307
Adalimumab-adbm Injection,Rheumatology,To Be Discontinued,2025-01-06,2025-01-06,New,2025-01-06,,,308
Amlodipine Besylate; Benazepril Hydrochloride Capsule,Cardiovascular,To Be Discontinued,2025-03-04,2025-03-04,New,2025-03-04,,,309
Lisdexamfetamine Dimesylate Capsule,Psychiatry,Current,2023-07-14,,Reverified,2025-04-11,,Shortage of an active ingredient,310
Sodium Chloride 0.9% Injection,Other,Current,2018-06-21,,Reverified,2025-04-22,,,311
Carboplatin Injection,Oncology,To Be Discontinued,2025-03-28,2025-03-28,New,2025-03-28,,,312
Dulaglutide Injection,Endocrinology/Metabolism,Resolved,2022-12-15,,Revised,2025-06-13,,,313
Fluticasone Propionate; Salmeterol Xinafoate Powder,Pulmonary/Allergy,To Be Discontinued,2025-06-13,2025-06-13,New,2025-06-13,,,314
Furosemide Injection,Cardiovascular,Current,2020-04-07,,Reverified,2025-05-07,,,315
Tretinoin Cream,Dermatology,To Be Discontinued,2025-02-04,2025-02-04,New,2025-02-04,,,316
Carboplatin Injection,Oncology,Current,2023-04-28,,Reverified,2025-06-05,,Discontinuation of the manufacture of the drug,317
Pirfenidone Capsule,Pulmonary/Allergy,To Be Discontinued,2025-02-05,2025-02-05,New,2025-02-05,,,318
Sodium Chloride 0.9% Injection,Gastroenterology; Other; Pediatric,Current,2021-12-08,,Reverified,2025-06-05,,,319
Fentanyl Citrate Injection,Analgesia/Addiction; Pediatric,Current,2012-01-01,,Reverified,2025-06-09,,,320
"Methylphenidate Hydrochloride Tablet, Extended Release",Psychiatry,Current,2023-07-26,,Revised,2025-06-05,,,321
Rocuronium Bromide Injection,Anesthesia,Current,2023-02-15,,Revised,2025-06-05,,,322
Hydromorphone Hydrochloride Injection,Analgesia/Addiction,Current,2017-11-01,,Revised,2025-06-09,,Other,323
"Methylphenidate Film, Extended Release",Psychiatry,Current,2025-02-28,,Revised,2025-05-28,,,324
Tamsulosin Hydrochloride Capsule,Urology,To Be Discontinued,2025-04-10,2025-04-10,New,2025-04-10,,,325
Albendazole Tablet,Anti-Infective,To Be Discontinued,2024-09-16,2024-09-16,New,2024-09-16,,,326
Dextrose Monohydrate 10% Injection,Endocrinology/Metabolism; Gastroenterology; Other; Pediatric,Current,2022-03-01,,Revised,2025-06-09,,,327
Furosemide Injection,Cardiovascular,Current,2020-04-07,,Reverified,2025-06-12,,,328
Hydromorphone Hydrochloride Injection,Analgesia/Addiction,Current,2017-10-31,,Reverified,2025-06-09,,,329
Atropine Sulfate Injection,Anesthesia; Neurology; Pediatric,Current,2023-12-20,,Reverified,2025-04-11,,,330
Cholestyramine Powder,Cardiovascular,To Be Discontinued,2025-05-14,2025-05-14,New,2025-05-14,,,331
Lactated Ringers Injection,Endocrinology/Metabolism; Gastroenterology; Other,Current,2024-10-11,,Reverified,2025-06-17,,Other,332
Methylprednisolone Acetate Injection,Rheumatology,Current,2021-12-15,,Revised,2025-04-02,,,333
Chloroprocaine Hydrochloride Injection,Anesthesia,Resolved,2021-05-17,,Revised,2025-01-21,,,334
Morphine Sulfate Injection,Analgesia/Addiction,Current,2018-12-06,,Reverified,2025-05-03,,,335
Aminocaproic Acid Tablet,Cardiovascular; Hematology; Other,To Be Discontinued,2024-11-07,2024-11-07,New,2024-11-07,,,336
Lidocaine Hydrochloride Solution,Anesthesia,Current,2023-12-08,,Reverified,2025-04-22,,,337
Pantoprazole Sodium Injection,Gastroenterology,To Be Discontinued,2024-12-05,2024-12-05,New,2024-12-05,,,338
Ambrisentan Tablet,Cardiovascular,To Be Discontinued,2025-01-14,2025-01-14,New,2025-01-14,,,339
Atazanavir Sulfate Capsule,Antiviral,To Be Discontinued,2025-06-04,2025-06-04,New,2025-06-04,,,340
Baclofen Tablet,Neurology,To Be Discontinued,2025-04-23,2025-04-23,New,2025-04-23,,,341
Carbamazepine Tablet,Neurology,To Be Discontinued,2025-06-10,2025-06-10,New,2025-06-10,,,342
Hydromorphone Hydrochloride Injection,Analgesia/Addiction,Current,2017-11-01,,Revised,2025-04-11,,,343
Hydromorphone Hydrochloride Injection,Analgesia/Addiction,Current,2017-11-01,,Reverified,2025-06-05,,Other,344
Atropine Sulfate Injection,Anesthesia; Neurology; Pediatric,To Be Discontinued,2025-02-19,2025-02-19,New,2025-02-19,,,345
Clonazepam Tablet,Neurology; Pediatric; Psychiatry,Current,2023-03-10,,Reverified,2025-06-05,,,346
Promethazine Hydrochloride Injection,Analgesia/Addiction; Gastroenterology; Pediatric; Pulmonary/Allergy,Current,2023-11-21,,Revised,2025-04-11,,Demand increase for the drug,347
Rocuronium Bromide Injection,Anesthesia,Current,2023-02-15,,Reverified,2025-06-09,,,348
Voxelotor Tablet,Hematology,To Be Discontinued,2024-09-27,2024-09-27,New,2024-09-27,,,349
"Bupivacaine Hydrochloride, Epinephrine Bitartrate Injection",Anesthesia,Current,2018-02-20,,Revised,2025-06-09,,Other,350
Bacitracin Ophthalmic Ointment,Anti-Infective; Ophthalmology,Current,2025-03-03,,Reverified,2025-05-16,,Discontinuation of the manufacture of the drug,351
Bosentan Tablet,Cardiovascular,To Be Discontinued,2025-06-09,2025-06-09,New,2025-06-09,,,352
Fentanyl Citrate Injection,Analgesia/Addiction; Pediatric,Current,2023-12-20,,Revised,2025-04-11,,Other,353
Glyburide Tablet,Endocrinology/Metabolism,To Be Discontinued,2025-06-10,2025-06-10,New,2025-06-10,,,354
Drospirenone; Ethinyl Estradiol Tablet,Reproductive,To Be Discontinued,2025-05-02,2025-05-02,New,2025-05-02,,,355
Ketorolac Tromethamine Injection,Analgesia/Addiction,Current,2018-06-06,,Revised,2025-04-11,,Other,356
Rocuronium Bromide Injection,Anesthesia,Current,2023-02-15,,Reverified,2025-06-05,,Delay in shipping of the drug,357
Triamcinolone Hexacetonide Injection,Rheumatology,Current,2021-05-04,,Reverified,2025-04-22,,Delay in shipping of the drug,358
Dobutamine Hydrochloride Injection,Cardiovascular; Pediatric; Renal,Current,2017-11-06,,Revised,2025-06-12,,,359
Bupivacaine Hydrochloride Injection,Anesthesia,Current,2018-02-20,,Reverified,2025-06-05,,Demand increase for the drug,360
Carboplatin Injection,Oncology,Current,2023-04-28,,Reverified,2025-06-09,,,361
Isoniazid Tablet,Anti-Infective,To Be Discontinued,2024-11-21,2024-11-21,New,2024-11-21,,,362
Bumetanide Injection,Cardiovascular,Current,2018-01-31,,Revised,2025-04-11,,,363
Drospirenone; Ethinyl Estradiol Tablet,Reproductive,To Be Discontinued,2025-06-13,2025-06-13,New,2025-06-13,,,364
Sodium Acetate Injection,Total Parenteral Nutrition,Current,2016-03-23,,Reverified,2025-06-05,,,365
Sodium Bicarbonate Injection,Endocrinology/Metabolism; Gastroenterology; Pediatric,Current,2017-03-01,,Reverified,2025-06-09,,,366
Minocycline Hydrochloride Capsule,Anti-Infective,To Be Discontinued,2025-05-23,2025-05-23,New,2025-05-23,,,367
Silver Nitrate Solution,Dermatology,To Be Discontinued,2024-10-15,2024-10-15,New,2024-10-15,,,368
Rifampin Capsule,Anti-Infective,Current,2021-12-22,,Reverified,2025-06-05,,Discontinuation of the manufacture of the drug,369
Technetium TC-99M Pyrophosphate Kit Injection,Medical Imaging,Current,2023-12-27,,Revised,2025-06-05,,Shortage of an active ingredient,370
Bromocriptine Mesylate Tablet,Endocrinology/Metabolism,To Be Discontinued,2024-08-08,2024-08-08,New,2024-08-08,,,371
Carboplatin Injection,Oncology,Current,2023-04-28,,Revised,2025-06-05,,,372
Doxycycline Hyclate Tablet,Anti-Infective,To Be Discontinued,2025-05-02,,New,2025-05-02,,,373
Fluoxetine Hydrochloride Capsule,Psychiatry,To Be Discontinued,2024-10-03,2024-10-03,New,2024-10-03,,,374
Hydromorphone Hydrochloride Injection,Analgesia/Addiction,Current,2017-10-31,,Revised,2025-06-05,,Other,375
Indium In-111 Chloride  Injection,Medical Imaging,To Be Discontinued,2024-09-24,2024-09-24,New,2024-09-24,,,376
"Testosterone Gel; Gel, Metered",Urology,To Be Discontinued,2025-06-16,2025-06-16,New,2025-06-16,,,377
Lisdexamfetamine Dimesylate Capsule,Psychiatry,Current,2023-07-14,,Reverified,2025-04-02,,Shortage of an active ingredient,378
"Methylphenidate Film, Extended Release",Psychiatry,Current,2025-02-28,,Revised,2025-05-28,,Shortage of an active ingredient,379
"Propafenone Hydrochloride Capsule, Extended Release",Cardiovascular,To Be Discontinued,2025-05-14,2025-05-14,New,2025-05-14,,,380
Clonazepam Tablet,Neurology; Pediatric; Psychiatry,Current,2023-03-10,,Reverified,2025-05-16,,,381
Morphine Sulfate Injection,Analgesia/Addiction,Current,2017-10-31,,Reverified,2025-05-06,,Demand increase for the drug,382
Silodosin Capsule,Urology,To Be Discontinued,2025-02-20,2025-02-20,New,2025-02-20,,,383
Somatropin Injection,Endocrinology/Metabolism,Current,2023-01-06,,Reverified,2025-06-16,,,384
Tobramycin Solution,Pulmonary/Allergy,To Be Discontinued,2025-06-16,2025-06-16,New,2025-06-16,,,385
Sodium Bicarbonate Injection,Endocrinology/Metabolism; Gastroenterology; Pediatric,Current,2017-07-24,,Revised,2025-06-17,,Demand increase for the drug,386
"Streptozocin Powder, For Solution",Oncology,Current,2022-07-12,,Reverified,2025-05-16,,,387
Heparin Sodium Injection,Hematology,Current,2017-11-14,,Reverified,2025-06-09,,,388
Etomidate Injection,Anesthesia,Current,2022-10-05,,Reverified,2025-05-16,,,389
Dacarbazine Injection,Oncology,Resolved,2021-10-20,,Revised,2025-01-13,,,390
Heparin Sodium Injection,Hematology,Current,2017-11-14,,Revised,2025-06-05,,Demand increase for the drug,391
"Lisdexamfetamine Dimesylate Tablet, Chewable",Psychiatry,Current,2023-07-14,,Reverified,2025-04-22,,Shortage of an active ingredient,392
Lodoxamide Tromethamine Solution,Ophthalmology,To Be Discontinued,2024-12-09,2024-12-09,New,2024-12-09,,,393
Sodium Chloride 0.9% Irrigation,Gastroenterology; Other; Pediatric,Current,2023-04-28,,Reverified,2025-06-12,,,394
Dextrose Monohydrate 5% Injection,Endocrinology/Metabolism; Gastroenterology; Other; Pediatric,Current,2022-02-14,,Reverified,2025-06-05,,Demand increase for the drug,395
Heparin Sodium Injection,Hematology,To Be Discontinued,2025-04-29,2025-04-29,New,2025-04-29,,,396
Metronidazole Injection,Anti-Infective,Current,2022-01-13,,Reverified,2025-06-17,,Discontinuation of the manufacture of the drug,397
Ondansetron Hydrochloride Tablet,Gastroenterology,To Be Discontinued,2024-11-04,2024-11-04,New,2024-11-04,,,398
Azacitidine Injection,Oncology,Current,2020-12-22,,Revised,2025-06-05,,Other,399
"Dalfampridine Tablet, Extended Release",Neurology,To Be Discontinued,2024-09-20,2024-09-20,New,2024-09-20,,,400
Leucovorin Calcium Injection,Oncology; Pediatric,Current,2012-01-01,,Reverified,2025-06-05,,,401
Sodium Chloride 0.9% Injection,Other,Current,2018-06-21,,Revised,2025-06-05,,Demand increase for the drug,402
Sodium Chloride 23.4% Injection,Endocrinology/Metabolism; Gastroenterology; Pediatric; Total Parenteral Nutrition,Current,2020-01-01,,Reverified,2025-06-09,,,403
Leucovorin Calcium Injection,Oncology; Pediatric,Current,2012-01-01,,Revised,2025-04-17,,,404
Adalimumab-adaz Injection,Rheumatology,To Be Discontinued,2025-04-14,2025-04-14,New,2025-04-14,,,405
Sterile Water Irrigant,Gastroenterology; Other; Pediatric,Current,2023-04-28,,Revised,2025-06-12,,,406
Dexmedetomidine Hydrochloride Injection,Anesthesia,Current,2020-04-10,,Reverified,2025-06-05,,Other,407
Hydromorphone Hydrochloride Injection,Analgesia/Addiction,Current,2017-10-31,,Reverified,2025-06-05,,,408
Pravastatin Sodium Tablet,Cardiovascular,To Be Discontinued,2025-06-13,2025-06-13,New,2025-06-13,,,409
Ropivacaine Hydrochloride Injection,Anesthesia,Current,2018-03-23,,Reverified,2025-06-05,,Demand increase for the drug,410
Ibutilide Fumarate Injection,Cardiovascular,To Be Discontinued,2025-03-05,2025-03-05,New,2025-03-05,,,411
Levalbuterol Hydrochloride Solution,Pulmonary/Allergy,To Be Discontinued,2024-10-15,2024-10-15,New,2024-10-15,,,412
Meperidine Hydrochloride Injection,Analgesia/Addiction,Current,2025-05-30,,Revised,2025-06-09,,Demand increase for the drug,413
Methotrexate Sodium Injection,Rheumatology; Oncology,Current,2023-03-13,,Revised,2025-05-16,,Shortage of an active ingredient,414
Dapagliflozin; Saxaglipitin Hydrochloride Tablet,Endocrinology/Metabolism,To Be Discontinued,2025-03-03,2025-03-03,New,2025-03-03,,,415
Bezlotoxumab Injection,Anti-Infective,To Be Discontinued,2024-12-23,2024-12-23,New,2024-12-23,,,416
Clindamycin Phosphate Injection,Anti-Infective,Current,2023-03-21,,Revised,2025-04-17,,,417
Methylprednisolone Acetate Injection,Rheumatology,Current,2021-12-15,,Revised,2025-06-05,,Demand increase for the drug,418
Metronidazole Injection,Anti-Infective,Current,2022-01-13,,Reverified,2025-04-17,,Other,419
Varenicline Tartrate Tablet,Analgesia/Addiction,To Be Discontinued,2025-02-06,2025-02-06,New,2025-02-06,,,420
Atropine Sulfate Injection,Anesthesia; Neurology; Pediatric,Current,2012-01-01,,Reverified,2025-05-16,,Requirements related to complying with good manufacturing practices,421
Dexmedetomidine Hydrochloride Injection,Anesthesia,Current,2020-04-10,,Reverified,2025-06-16,,Demand increase for the drug,422
Dextrose Monohydrate 5% Injection,Endocrinology/Metabolism; Gastroenterology; Other; Pediatric,Current,2022-02-14,,Revised,2025-06-12,,,423
Dextrose Monohydrate 70% Injection,Endocrinology/Metabolism; Gastroenterology; Other; Pediatric,Current,2024-10-11,,Reverified,2025-06-12,,,424
Ketorolac Tromethamine Injection,Analgesia/Addiction,Current,2018-03-26,,Revised,2025-04-17,,Delay in shipping of the drug,425
Midazolam Hydrochloride Injection,Anesthesia; Neurology,Current,2020-04-02,,Reverified,2025-05-07,,Demand increase for the drug,426
Talazoparib Tosylate Capsule,Oncology,To Be Discontinued,2025-01-13,2025-01-13,New,2025-01-13,,,427
Fluconazole Tablet,Anti-Infective,To Be Discontinued,2024-09-27,2024-09-27,New,2024-09-27,,,428
Bumetanide Injection,Cardiovascular,Current,2018-01-31,,Reverified,2025-05-16,,Other,429
Dextrose Monohydrate 10% Injection,Endocrinology/Metabolism; Gastroenterology; Other; Pediatric,Current,2022-03-01,,Reverified,2025-06-12,,,430
Dextrose Monohydrate 50% Injection,Endocrinology/Metabolism; Gastroenterology; Pediatric,Current,2022-01-13,,Revised,2025-06-09,,Other,431
Erythromycin  Topical Gel,Anti-Infective; Dermatology,To Be Discontinued,2025-02-14,2025-02-14,New,2025-02-14,,,432
Lisdexamfetamine Dimesylate Capsule,Psychiatry,Current,2023-11-01,,Revised,2025-06-05,,Other,433
Ursodiol Tablet,Other,To Be Discontinued,2025-03-28,2025-03-28,New,2025-03-28,,,434
Bumetanide Tablet,Cardiovascular,To Be Discontinued,2025-05-02,2025-05-02,New,2025-05-02,,,435
Cromolyn Sodium Concentrate,Pulmonary/Allergy,Current,2023-11-03,,Reverified,2025-04-15,,,436
Testosterone Cypionate Injection,Endocrinology/Metabolism,To Be Discontinued,2024-09-25,2024-09-25,New,2024-09-25,,,437
Clonazepam Tablet,Neurology; Pediatric; Psychiatry,Current,2023-03-10,,Reverified,2025-06-16,,,438
Cromolyn Sodium Concentrate,Pulmonary/Allergy,Current,2023-11-03,,Reverified,2025-06-16,,,439
Ketamine Hydrochloride Injection,Anesthesia,Resolved,2018-02-20,,Revised,2025-04-02,,,440
Lidocaine Hydrochloride Injection,Anesthesia; Pediatric,Current,2012-02-22,,Reverified,2025-06-05,,,441
Cyclosporine Solution,Transplant,To Be Discontinued,2024-08-20,2024-08-20,New,2024-08-20,,,442
Dexmedetomidine Hydrochloride Injection,Anesthesia,Current,2020-04-10,,Reverified,2025-06-09,,,443
Fentanyl Citrate Tablet,Analgesia/Addiction,To Be Discontinued,2024-09-24,2024-09-24,New,2024-09-24,,,444
Furosemide Injection,Cardiovascular,Current,2020-04-07,,Reverified,2025-04-17,,Other,445
Liraglutide Injection,Endocrinology/Metabolism,Current,2023-07-18,,Reverified,2025-06-06,,,446
Nystatin Topical Powder,Anti-Infective; Dermatology,To Be Discontinued,2025-04-28,2025-04-28,New,2025-04-28,,,447
Sterile Water Irrigant,Gastroenterology; Other; Pediatric,Current,2023-04-28,,Revised,2025-06-09,,Other,448
Ketorolac Tromethamine Injection,Analgesia/Addiction,Current,2018-06-06,,Reverified,2025-05-07,,,449
Sodium Bicarbonate Injection,Endocrinology/Metabolism; Gastroenterology; Pediatric,Current,2017-03-01,,Revised,2025-06-09,,Demand increase for the drug,450
Somatropin Injection,Endocrinology/Metabolism,Current,2023-01-06,,Reverified,2025-05-14,,Delay in shipping of the drug,451
"Amphetamine Aspartate Monohydrate, Amphetamine Sulfate, Dextroamphetamine Saccharate, Dextroamphetamine Sulfate Tablet",Psychiatry,Current,2022-10-12,,Revised,2025-06-05,,Other,452
Lisdexamfetamine Dimesylate Capsule,Psychiatry,Current,2023-07-14,,Revised,2025-06-16,,Shortage of an active ingredient,453
Clindamycin Phosphate Injection,Anti-Infective,Current,2023-03-21,,Revised,2025-06-09,,Other,454
Dexmedetomidine Hydrochloride Injection,Anesthesia,Current,2020-04-10,,Revised,2025-04-02,,,455
Sodium Bicarbonate Injection,Endocrinology/Metabolism; Gastroenterology; Pediatric,Current,2017-07-24,,Revised,2025-06-05,,Other,456
Lidocaine Hydrochloride Injection,Anesthesia; Pediatric,To Be Discontinued,2025-03-05,2025-03-05,Revised,2025-03-05,,,457
Methotrexate Sodium Injection,Rheumatology; Oncology,Current,2023-03-13,,Revised,2025-06-05,,Other,458
Somatropin Injection,Endocrinology/Metabolism,Current,2023-01-06,,Reverified,2025-05-14,,,459
"Amoxicillin Powder, For Suspension",Anti-Infective; Pediatric,Resolved,2022-10-28,,Revised,2025-05-02,,,460
Bupivacaine Hydrochloride Injection,Anesthesia,Current,2018-02-20,,Revised,2025-06-09,,Other,461
Cyclopentolate Hydrochloride Ophthalmic Solution,Ophthalmology,Resolved,2020-11-09,,Revised,2025-02-24,,,462
Lidocaine Hydrochloride Injection,Anesthesia; Pediatric,Current,2012-02-22,,Reverified,2025-06-09,,,463
"Methylphenidate Hydrochloride Tablet, Extended Release",Psychiatry,Current,2023-07-26,,Reverified,2025-06-05,,Demand increase for the drug,464
Tiagabine Hydrochloride Tablet,Neurology,To Be Discontinued,2024-12-09,2024-12-05,New,2024-12-09,,,465
Dextrose Monohydrate 10% Injection,Endocrinology/Metabolism; Gastroenterology; Other; Pediatric,Current,2022-03-01,,Revised,2025-06-12,,,466
"Cefotaxime Sodium Powder, for Solution",Anti-Infective; Pediatric,Current,2015-02-17,,Revised,2025-04-11,,Demand increase for the drug,467
Lidocaine Hydrochloride Injection,Anesthesia,Current,2018-06-14,,Reverified,2025-06-16,,,468
"Dextrose Monohydrate, Lidocaine Hydrochloride Anhydrous Injection",Cardiovascular,Current,2017-10-25,,Reverified,2025-06-17,,,469
Ethinyl Estradiol; Ethinyl Diacetate Tablet,Reproductive,To Be Discontinued,2025-06-13,2025-06-13,New,2025-06-13,,,470
Exenatide Synthetic Injection,Endocrinology/Metabolism,To Be Discontinued,2024-10-25,2024-10-25,New,2024-10-25,,,471
Lorazepam Injection,Neurology,Current,2018-05-03,,Revised,2025-04-11,,Demand increase for the drug,472
Quinapril/Hydrochlorothiazide Tablet,Cardiovascular,Current,2023-01-19,,Reverified,2025-05-22,,,473
"Amphetamine Aspartate Monohydrate, Amphetamine Sulfate, Dextroamphetamine Saccharate, Dextroamphetamine Sulfate Tablet",Psychiatry,Current,2022-10-12,,Reverified,2025-05-07,,,474
Azithromycin For Suspension,Anti-Infective,To Be Discontinued,2024-10-15,2024-10-15,New,2024-10-15,,,475
Bumetanide Injection,Cardiovascular,Current,2018-01-31,,Reverified,2025-06-05,,,476
Midazolam Hydrochloride Injection,Anesthesia; Neurology,Current,2020-04-02,,Reverified,2025-05-07,,,477
Betaxolol Hydrochloride Ophthalmic Suspension,Ophthalmology,To Be Discontinued,2024-07-02,2024-07-02,New,2024-07-02,,,478
"Duloxetine Hydrochloride Capsule, Delayed Release",Psychiatry,To Be Discontinued,2024-10-18,2024-10-18,New,2024-10-18,,,479
Sodium Chloride 0.9% Injection,Gastroenterology; Other; Pediatric,Current,2021-12-10,,Reverified,2025-06-05,,,480
"Amphetamine Aspartate Monohydrate, Amphetamine Sulfate, Dextroamphetamine Saccharate, Dextroamphetamine Sulfate Tablet",Psychiatry,Current,2022-10-12,,Revised,2025-06-05,,Shortage of an active ingredient,481
Dexmedetomidine Hydrochloride Injection,Anesthesia,Current,2021-04-10,,Reverified,2025-05-16,,,482
Morphine Sulfate Injection,Analgesia/Addiction,Current,2017-11-03,,Reverified,2025-04-11,,,483
Dobutamine Hydrochloride Injection,Cardiovascular; Pediatric; Renal,Current,2017-11-06,,Reverified,2025-06-16,,,484
Sodium Bicarbonate Injection,Endocrinology/Metabolism; Gastroenterology; Pediatric,Current,2017-03-01,,Revised,2025-06-09,,Other,485
Lisdexamfetamine Dimesylate Capsule,Psychiatry,Current,2023-07-14,,Revised,2025-06-05,,Other,486
Ropivacaine Hydrochloride Injection,Anesthesia,Current,2018-03-23,,Reverified,2025-06-05,,,487
Dextrose Monohydrate 70% Injection,Endocrinology/Metabolism; Gastroenterology; Other; Pediatric,Current,2024-10-11,,Reverified,2025-06-06,,,488
Dobutamine Hydrochloride Injection,Cardiovascular; Pediatric; Renal,Current,2017-11-06,,Revised,2025-06-09,,Demand increase for the drug,489
Lisdexamfetamine Dimesylate Capsule,Psychiatry,Current,2023-07-14,,Reverified,2025-06-05,,,490
Methylprednisolone Acetate Injection,Rheumatology,Current,2021-12-15,,Revised,2025-06-09,,,491
Morphine Sulfate Injection,Analgesia/Addiction,Current,2017-10-31,,Reverified,2025-06-05,,Demand increase for the drug,492
Sodium Chloride 0.9% Injection,Gastroenterology; Other; Pediatric,Current,2021-12-08,,Revised,2025-06-05,,Demand increase for the drug,493
Digoxin Tablet,Cardiovascular,To Be Discontinued,2024-12-05,2024-12-05,New,2024-12-05,,,494
"Epinephrine Bitartrate, Lidocaine Hydrochloride Injection",Anesthesia; Pediatric,Current,2016-10-14,,Reverified,2025-06-05,,,495
Idarubicin Hydrochloride Injection,Oncology,To Be Discontinued,2025-02-06,2025-02-06,New,2025-02-06,,,496
Lidocaine Ointment,Anesthesia,To Be Discontinued,2025-01-28,2025-01-28,New,2025-01-28,,,497
"Methylphenidate Hydrochloride Tablet, Extended Release",Psychiatry,Current,2023-07-26,,Revised,2025-06-05,,Discontinuation of the manufacture of the drug,498
Oxaliplatin Injection,Oncology,To Be Discontinued,2024-10-16,2024-10-16,New,2024-10-16,,,499
Oxybutynin Chloride Tablet,Renal,To Be Discontinued,2025-05-14,2025-05-14,New,2025-05-14,,,500
Etomidate Injection,Anesthesia,Current,2022-10-05,,Reverified,2025-05-07,,Demand increase for the drug,501
Lisdexamfetamine Dimesylate Capsule,Psychiatry,Current,2023-07-14,,Reverified,2025-06-16,,Shortage of an active ingredient,502
Phentermine Hydrochloride Tablet,Other,To Be Discontinued,2025-06-13,2025-06-13,New,2025-06-13,,,503
Peritoneal Dialysis Solution,Renal,Current,2024-10-11,,Reverified,2025-06-12,,Delay in shipping of the drug,504
Promethazine Hydrochloride Injection,Analgesia/Addiction; Gastroenterology; Other; Pulmonary/Allergy,Current,2023-11-21,,Revised,2025-05-12,,,505
Tbo-filgrastim Injection,Hematology,To Be Discontinued,2025-06-13,2025-06-13,New,2025-06-13,,,506
Tigecycline Injection,Anti-Infective,To Be Discontinued,2025-01-17,2025-01-17,New,2025-01-17,,,507
Dexmedetomidine Hydrochloride Injection,Anesthesia,Current,2020-04-10,,Reverified,2025-06-12,,,508
Hydromorphone Hydrochloride Injection,Analgesia/Addiction,Current,2017-10-31,,Revised,2025-06-09,,Other,509
Lidocaine Hydrochloride Injection,Anesthesia,Current,2018-02-20,,Revised,2025-06-05,,Demand increase for the drug,510
Quinapril Hydrochloride Tablet,Cardiovascular,Current,2023-01-19,,Reverified,2025-06-05,,Discontinuation of the manufacture of the drug,511
Quinapril/Hydrochlorothiazide Tablet,Cardiovascular,Current,2023-01-19,,Reverified,2025-06-09,,Delay in shipping of the drug,512
Atropine Sulfate Injection,Anesthesia; Neurology; Pediatric,Current,2012-01-01,,Reverified,2025-06-09,,Other,513
Desmopressin Acetate Injection,Endocrinology/Metabolism,To Be Discontinued,2024-12-05,2024-12-05,New,2024-12-05,,,514
Alprostadil Suppository,Urology,To Be Discontinued,2022-10-18,2024-08-12,Revised,2024-08-12,,,515
"Amphetamine Aspartate Monohydrate, Amphetamine Sulfate, Dextroamphetamine Saccharate, Dextroamphetamine Sulfate Tablet",Psychiatry,Current,2022-10-12,,Revised,2025-05-07,,Shortage of an active ingredient,516
"Epinephrine Bitartrate, Lidocaine Hydrochloride Injection",Anesthesia; Pediatric,Current,2012-02-22,,Revised,2025-06-09,,Other,517
Heparin Sodium Injection,Hematology,Current,2017-11-14,,Reverified,2025-06-17,,,518
Lactated Ringers Injection,Endocrinology/Metabolism; Gastroenterology; Other,Current,2024-10-11,,Reverified,2025-06-12,,Discontinuation of the manufacture of the drug,519
Rocuronium Bromide Injection,Anesthesia,Current,2023-02-15,,Reverified,2025-04-17,,,520
Cisatracurium Besylate Injection,Anesthesia,To Be Discontinued,2025-01-06,2025-01-06,New,2025-01-06,,,521
Midazolam Hydrochloride Injection,Anesthesia; Neurology,Current,2020-04-02,,Reverified,2025-06-05,,Demand increase for the drug,522
Quinapril/Hydrochlorothiazide Tablet,Cardiovascular,Current,2023-01-19,,Reverified,2025-06-05,,Discontinuation of the manufacture of the drug,523
Bendamustine Hydrochloride Injection,Oncology,To Be Discontinued,2025-01-27,2025-01-27,New,2025-01-27,,,524
Dexmedetomidine Hydrochloride Injection,Anesthesia,Current,2020-04-10,,Reverified,2025-04-29,,,525
Hydromorphone Hydrochloride Injection,Analgesia/Addiction,Current,2017-11-01,,Reverified,2025-06-09,,,526
Lactated Ringers Injection,Endocrinology/Metabolism; Gastroenterology; Other,Current,2024-10-11,,Reverified,2025-06-12,,,527
Somatropin Injection,Endocrinology/Metabolism,To Be Discontinued,2024-10-29,2024-10-29,New,2024-10-29,,,528
Sterile Water Injection,Other,Current,2021-11-23,,Revised,2025-04-11,,,529
Hydromorphone Hydrochloride Injection,Analgesia/Addiction,Current,2017-11-01,,Reverified,2025-06-05,,,530
Sodium Chloride 23.4% Injection,Gastroenterology; Endocrinology/Metabolism; Total Parenteral Nutrition; Pediatric,Current,2023-09-18,,Reverified,2025-06-05,,,531
Lactated Ringers Injection,Endocrinology/Metabolism; Gastroenterology; Other,Current,2024-10-11,,Revised,2025-06-09,,,532
Morphine Sulfate Injection,Analgesia/Addiction,Current,2017-10-31,,Revised,2025-06-05,,Demand increase for the drug,533
Promethazine Hydrochloride Injection,Analgesia/Addiction; Gastroenterology; Pediatric; Pulmonary/Allergy,Current,2023-11-21,,Revised,2025-04-11,,,534
Semaglutide Injection,Endocrinology/Metabolism,Resolved,2022-03-31,,Revised,2025-02-21,,,535
Triazolam Tablet,Psychiatry,To Be Discontinued,2024-06-27,2024-06-27,New,2024-06-27,,,536
Cyanocobalamin Injection,Hematology,To Be Discontinued,2025-01-17,2025-01-17,New,2025-01-17,,,537
Furosemide Injection,Cardiovascular,Current,2020-04-07,,Reverified,2025-04-17,,,538
Lisdexamfetamine Dimesylate Capsule,Psychiatry,Current,2023-11-01,,Reverified,2025-06-05,,Other,539
Reteplase Injection,Cardiovascular,To Be Discontinued,2024-09-05,2024-09-05,New,2024-09-05,,,540
Riluzole Oral Suspension,Neurology,Current,2024-01-26,,Reverified,2025-06-16,,Requirements related to complying with good manufacturing practices,541
Rocuronium Bromide Injection,Anesthesia,Current,2023-02-15,,Revised,2025-04-11,,,542
Sodium Chloride 0.9% Injection,Gastroenterology; Other; Pediatric,Current,2021-12-10,,Revised,2025-06-09,,,543
Azacitidine Injection,Oncology,Current,2020-12-18,,Reverified,2025-06-05,,,544
Dextrose Monohydrate 10% Injection,Endocrinology/Metabolism; Gastroenterology; Other; Pediatric,Current,2022-03-01,,Revised,2025-06-05,,Demand increase for the drug,545
"Methylphenidate Hydrochloride Tablet, Extended Release",Psychiatry,Current,2023-07-26,,Reverified,2025-06-13,,Other,546
Bumetanide Injection,Cardiovascular,Current,2017-12-13,,Revised,2025-06-17,,,547
Dexamethasone Sodium Phosphate Injection,Dermatology; Endocrinology/Metabolism; Gastroenterology; Hematology; Neurology; Oncology; Ophthalmology; Other; Pulmonary/Allergy; Rheumatology,Current,2019-02-08,,Reverified,2025-06-09,,,548
"Glipizide Tablet, Extended Release",Endocrinology/Metabolism,To Be Discontinued,2024-08-05,2024-08-05,New,2024-08-05,,,549
"Methylphenidate Film, Extended Release",Psychiatry,Current,2025-02-28,,Reverified,2025-05-28,,Shortage of an active ingredient,550
Remifentanil Hydrochloride Injection,Analgesia/Addiction,Current,2022-06-28,,Reverified,2025-06-05,,Demand increase for the drug,551
Doxycycline Hyclate Tablet,Anti-Infective,To Be Discontinued,2025-05-02,2025-05-02,New,2025-05-02,,,552
Ketorolac Tromethamine Injection,Analgesia/Addiction,Current,2018-03-23,,Reverified,2025-05-07,,,553
Rifampin Capsule,Anti-Infective,Current,2021-12-22,,Reverified,2025-06-16,,,554
"Methylphenidate Hydrochloride Tablet, Extended Release",Psychiatry,Current,2023-07-26,,Reverified,2025-06-16,,,555
Morphine Sulfate Injection,Analgesia/Addiction,Current,2017-11-03,,Revised,2025-04-11,,Demand increase for the drug,556
Naltrexone Hydrochloride Tablet,Analgesia/Addiction,Current,2024-02-29,,Reverified,2025-05-22,,,557
Rifampin Injection,Anti-Infective,Current,2021-02-17,,Reverified,2025-06-05,,,558
"Topiramate Capsule, Extended Release",Neurology,To Be Discontinued,2025-04-24,2025-04-24,New,2025-04-24,,,559
Bupivacaine Hydrochloride Injection,Anesthesia,Current,2018-02-20,,Revised,2025-06-05,,,560
Cisplatin Injection,Oncology; Pediatric,To Be Discontinued,2023-02-10,2024-06-27,Revised,2024-06-27,,,561
"Glipizide Tablet, Extended Release",Endocrinology/Metabolism,To Be Discontinued,2025-03-17,2025-03-17,New,2025-03-17,,,562
Lorazepam Injection,Neurology,Current,2018-09-05,,Revised,2025-04-11,,Demand increase for the drug,563
Methylprednisolone Sodium Succinate Injection,Rheumatology,To Be Discontinued,2024-10-10,2024-10-10,New,2024-10-10,,,564
Peritoneal Dialysis Solution,Renal,Current,2024-10-11,,Reverified,2025-06-05,,Other,565
Rocuronium Bromide Injection,Anesthesia,Current,2023-02-15,,Reverified,2025-05-06,,,566
Sodium Acetate Injection,Endocrinology/Metabolism; Gastroenterology; Pediatric; Total Parenteral Nutrition,Current,2016-02-03,,Reverified,2025-06-05,,,567
Clindamycin Hydrochloride Capsule,Anti-Infective,To Be Discontinued,2024-12-05,2024-12-05,New,2024-12-05,,,568
Dobutamine Hydrochloride Injection,Cardiovascular; Pediatric; Renal,Current,2017-11-06,,Reverified,2025-06-12,,,569
Flurazepam Hydrochloride Capsule,Neurology; Other,Current,2022-08-03,,Reverified,2025-05-22,,,570
Leucovorin Calcium Injection,Oncology; Pediatric,Current,2012-01-01,,Revised,2025-04-11,,Demand increase for the drug,571
"Streptozocin Powder, For Solution",Oncology,Current,2022-07-12,,Revised,2025-06-05,,Other,572
Atropine Sulfate Injection,Anesthesia; Neurology; Pediatric,Current,2020-01-01,,Reverified,2025-05-16,,Requirements related to complying with good manufacturing practices,573
Morphine Sulfate Injection,Analgesia/Addiction,Current,2017-10-31,,Reverified,2025-05-06,,,574
Cyanocobalamin Spray,Hematology,To Be Discontinued,2024-07-12,2024-07-12,New,2024-07-12,,,575
Flurbiprofen Tablet,Analgesia/Addiction,To Be Discontinued,2024-11-13,2024-11-13,New,2024-11-13,,,576
Morphine Sulfate Injection,Analgesia/Addiction,Current,2017-10-31,,Reverified,2025-06-09,,,577
Tolterodine Tartrate Tablet,Urology,To Be Discontinued,2025-02-26,2025-02-26,New,2025-02-26,,,578
Clindamycin Phosphate Injection,Anti-Infective,Current,2023-03-21,,Reverified,2025-06-12,,,579
"Methylphenidate Film, Extended Release",Psychiatry,Current,2025-02-28,,Reverified,2025-06-05,,Shortage of an active ingredient,580
Quinapril Hydrochloride Tablet,Cardiovascular,Current,2023-01-19,,Reverified,2025-05-22,,,581
Midazolam Hydrochloride Injection,Anesthesia; Neurology,Current,2020-04-02,,Revised,2025-06-09,,Demand increase for the drug,582
Sodium Chloride 0.9% Injection,Gastroenterology; Other; Pediatric,Current,2021-12-10,,Reverified,2025-04-22,,,583
Carboplatin Injection,Oncology,Current,2023-04-28,,Reverified,2025-05-07,,,584
Dextrose Monohydrate 50% Injection,Endocrinology/Metabolism; Gastroenterology; Pediatric,Current,2022-01-13,,Reverified,2025-05-03,,,585
Dextrose Monohydrate 70% Injection,Endocrinology/Metabolism; Gastroenterology; Other; Pediatric,Current,2024-10-11,,Revised,2025-06-09,,,586
Isoniazid Tablet,Anti-Infective,Resolved,2023-05-17,,Revised,2025-01-10,,,587
Mitomycin Injection,Anti-Infective,To Be Discontinued,2025-01-17,2025-01-17,New,2025-01-17,,,588
Sodium Acetate Injection,Endocrinology/Metabolism; Gastroenterology; Pediatric; Total Parenteral Nutrition,Current,2016-02-03,,Reverified,2025-06-05,,Other,589
"Amphetamine Aspartate Monohydrate, Amphetamine Sulfate, Dextroamphetamine Saccharate, Dextroamphetamine Sulfate Tablet",Psychiatry,Current,2022-10-12,,Reverified,2025-06-16,,Shortage of an active ingredient,590
"Bupivacaine Hydrochloride, Epinephrine Bitartrate Injection",Anesthesia,Current,2018-02-20,,Revised,2025-06-05,,,591
Dapagliflozin; Saxaglipitin Hydrochloride Tablet,Endocrinology/Metabolism,To Be Discontinued,2025-03-03,,New,2025-03-03,,,592
Rifampin Capsule,Anti-Infective,Current,2021-12-22,,Reverified,2025-06-05,,,593
Atomoxetine Hydrochloride Capsule,Psychiatry,To Be Discontinued,2024-10-22,2024-10-22,New,2024-10-22,,,594
Carboplatin Injection,Oncology,Current,2023-04-28,,Reverified,2025-05-16,,Discontinuation of the manufacture of the drug,595
Midazolam Hydrochloride Injection,Anesthesia; Neurology,Current,2020-04-02,,Reverified,2025-06-09,,,596
Midazolam Hydrochloride Injection,Anesthesia; Neurology,Current,2020-04-02,,Revised,2025-06-09,,Other,597
Midazolam Hydrochloride Injection,Anesthesia; Neurology,Current,2020-04-02,,Reverified,2025-06-16,,,598
Furosemide Injection,Cardiovascular,Current,2020-04-07,,Reverified,2025-05-16,,Other,599
Lidocaine Hydrochloride Injection,Anesthesia,Current,2018-07-14,,Reverified,2025-04-17,,,600
Naltrexone Hydrochloride Tablet,Analgesia/Addiction,Current,2024-02-29,,Revised,2025-06-05,,Other,601
Dobutamine Hydrochloride Injection,Cardiovascular; Pediatric; Renal,Current,2017-11-06,,Revised,2025-06-09,,Other,602
Naltrexone Hydrochloride Tablet,Analgesia/Addiction,Current,2024-02-29,,Revised,2025-05-16,,Shortage of an active ingredient,603
Nitroglycerin Injection,Cardiovascular,Current,2023-10-06,,Revised,2025-06-12,,Demand increase for the drug,604
Amoxapine Tablet,Psychiatry,Resolved,2020-03-09,,Revised,2025-01-28,,,605
Bupivacaine Hydrochloride Injection,Anesthesia,Current,2018-02-20,,Reverified,2025-06-09,,,606
Dexmedetomidine Hydrochloride Injection,Anesthesia,Current,2020-04-10,,Reverified,2025-04-11,,Demand increase for the drug,607
Flurazepam Hydrochloride Capsule,Oncology; Other,Current,2022-08-03,,Reverified,2025-05-22,,,608
Hydromorphone Hydrochloride Injection,Analgesia/Addiction,Current,2017-10-31,,Reverified,2025-06-05,,Demand increase for the drug,609
Adalimumab-adbm Injection,Rheumatology,To Be Discontinued,2025-03-03,2025-03-03,New,2025-03-03,,,610
"Bupivacaine Hydrochloride, Epinephrine Bitartrate Injection",Anesthesia,Current,2018-02-20,,Reverified,2025-06-05,,,611
Atropine Sulfate Injection,Anesthesia; Neurology; Pediatric,Current,2012-01-01,,Reverified,2025-06-09,,,612
Dopamine Hydrochloride Injection,Cardiovascular,Current,2017-11-06,,Revised,2025-06-09,,Demand increase for the drug,613
Ketorolac Tromethamine Injection,Analgesia/Addiction,Current,2018-03-26,,Revised,2025-04-17,,,614
Carboplatin Injection,Oncology,Current,2023-04-28,,Reverified,2025-06-16,,Other,615
Ketorolac Tromethamine Injection,Analgesia/Addiction,Current,2018-03-23,,Reverified,2025-06-05,,,616
Fentanyl Citrate Injection,Analgesia/Addiction; Pediatric,Current,2012-01-01,,Reverified,2025-06-05,,Demand increase for the drug,617
Leucovorin Calcium Injection,Oncology; Pediatric,Current,2012-01-01,,Revised,2025-04-17,,Delay in shipping of the drug,618
Methotrexate Sodium Injection,Rheumatology; Oncology,Current,2023-03-13,,Reverified,2025-06-09,,,619
Sodium Chloride 0.9% Injection,Gastroenterology; Other; Pediatric,Current,2021-12-08,,Reverified,2025-06-09,,,620
Sodium Chloride 14.6% Injection,Endocrinology/Metabolism; Gastroenterology; Pediatric; Total Parenteral Nutrition,Resolved,2022-04-05,,Revised,2025-01-15,,,621
Dexamethasone Sodium Phosphate Injection,Dermatology; Endocrinology/Metabolism; Gastroenterology; Hematology; Neurology; Oncology; Ophthalmology; Other; Pulmonary/Allergy; Rheumatology,Current,2019-02-08,,Revised,2025-04-11,,,622
Ketorolac Tromethamine Injection,Analgesia/Addiction,Current,2018-03-23,,Reverified,2025-06-05,,Other,623
Ketorolac Tromethamine Injection,Analgesia/Addiction,Current,2018-06-06,,Reverified,2025-06-12,,,624
Sodium Chloride 0.9% Irrigation,Gastroenterology; Other; Pediatric,Current,2023-04-28,,Reverified,2025-06-17,,,625
"Amphetamine Aspartate Monohydrate, Amphetamine Sulfate, Dextroamphetamine Saccharate, Dextroamphetamine Sulfate Tablet",Psychiatry,Current,2022-10-12,,Revised,2025-06-16,,Shortage of an active ingredient,626
"Divalproex Sodium Tablet, Delayed Release",Neurology,To Be Discontinued,2025-04-28,2025-04-28,New,2025-04-28,,,627
Epoprostenol Sodium Injection,Cardiovascular,To Be Discontinued,2025-01-31,2025-01-31,New,2025-01-31,,,628
Heparin Sodium Injection,Hematology,Current,2017-11-14,,Reverified,2025-06-12,,,629
"Amphetamine Aspartate Monohydrate, Amphetamine Sulfate, Dextroamphetamine Saccharate, Dextroamphetamine Sulfate Tablet",Psychiatry,Current,2022-10-12,,Revised,2025-06-05,,,630
Linezolid Solution,Anti-Infective,To Be Discontinued,2024-10-11,2024-10-11,New,2024-10-11,,,631
Quinapril Hydrochloride Tablet,Cardiovascular,Current,2023-01-19,,Reverified,2025-06-09,,Delay in shipping of the drug,632
Remifentanil Hydrochloride Injection,Analgesia/Addiction,Current,2022-06-28,,Revised,2025-04-11,,Demand increase for the drug,633
Gefitinib Tablet,Oncology,To Be Discontinued,2025-02-05,2025-02-05,New,2025-02-05,,,634
Amino Acid Injection,Gastroenterology,Current,2020-12-08,,Reverified,2025-06-12,,Demand increase for the drug,635
Azacitidine Injection,Oncology,Current,2020-12-18,,Revised,2025-04-11,,,636
Dextrose Monohydrate 5% Injection,Endocrinology/Metabolism; Gastroenterology; Other; Pediatric,Current,2022-02-14,,Reverified,2025-06-09,,,637
Rocuronium Bromide Injection,Anesthesia,Current,2023-02-15,,Reverified,2025-05-06,,Demand increase for the drug,638
"Sildenafil Powder, For Suspension",Cardiovascular,To Be Discontinued,2024-08-14,2024-08-14,New,2024-08-14,,,639
Caspofungin Acetate Injection,Anti-Infective,To Be Discontinued,2024-09-26,2024-09-26,New,2024-09-26,,,640
Clindamycin Phosphate Injection,Anti-Infective,Current,2023-03-21,,Revised,2025-04-17,,Demand increase for the drug,641
Nitroglycerin Injection,Cardiovascular,Current,2023-10-06,,Reverified,2025-06-03,,,642
Dextrose Monohydrate 5% Injection,Endocrinology/Metabolism; Gastroenterology; Other; Pediatric,Current,2022-02-14,,Reverified,2025-06-17,,,643
"Methylphenidate Hydrochloride Tablet, Extended Release",Psychiatry,Current,2023-07-26,,Reverified,2025-06-05,,,644
Midazolam Hydrochloride Injection,Anesthesia; Neurology,Current,2020-04-02,,Revised,2025-06-05,,Demand increase for the drug,645
Cromolyn Sodium Concentrate,Pulmonary/Allergy,Current,2023-11-03,,Reverified,2025-06-05,,,646
Sodium Bicarbonate Injection,Endocrinology/Metabolism; Gastroenterology; Pediatric,Current,2017-07-24,,Revised,2025-06-17,,,647
